<?xml version="1.0" encoding="UTF-8" standalone="no"?>
<pack>
    <snippet category="4" class="scripts.Design_0_0_4WayMovement" desc="Allows the player to move in 4 directions: North, South, West,and  East&#10;Allows the player to move in 8 directions: North, South, West, East, NorthWest, NorthEast, SouthWest, SouthEast&#10;Allows the player to move isometrically." description="Allows the player to move in 4 directions: North, South, West,and  East&#10;Allows the player to move in 8 directions: North, South, West, East, NorthWest, NorthEast, SouthWest, SouthEast&#10;Allows the player to move isometrically." design="true" drawOrder="0" id="0" name="4 Way Movement" oid="-1" scenespecific="false" shared="false" type="actor">
        <animation default="" desc="" dropdown="" fullname="Up Right Animation" hidden="false" id="1" name="animUpRt" order="17"/>
        <animation default="" desc="" dropdown="" fullname="Down Right Animation" hidden="false" id="2" name="animDownRt" order="19"/>
        <animation default="" desc="" dropdown="" fullname="Left Animation" hidden="false" id="3" name="animLeft" order="21"/>
        <animation default="" desc="" dropdown="" fullname="Right Animation" hidden="false" id="4" name="animRight" order="23"/>
        <control default="" desc="" dropdown="" fullname="Up Control" hidden="false" id="5" name="controlUp" order="12"/>
        <control default="" desc="" dropdown="" fullname="Down Control" hidden="false" id="6" name="controlDown" order="13"/>
        <control default="" desc="" dropdown="" fullname="Left Control" hidden="false" id="7" name="controlLeft" order="14"/>
        <control default="" desc="" dropdown="" fullname="Right Control" hidden="false" id="8" name="controlRight" order="15"/>
        <number default="0.0" desc="" dropdown="Up=1&#10;Down=2&#10;Left=3&#10;Right=4" fullname="Initial Direction" hidden="false" id="9" name="dir" order="7"/>
        <number default="50.0" desc="How fast it reaches top speed." dropdown="" fullname="Acceleration" hidden="false" id="10" name="accel" order="8"/>
        <number default="18" desc="The fastest it will move." dropdown="" fullname="Top Speed" hidden="false" id="11" name="topSpeed" order="10"/>
        <number default="0" desc="How quickly it loses speed when the key's let go." dropdown="" fullname="Slowdown Rate" hidden="false" id="12" name="decel" order="11"/>
        <animation default="" desc="" dropdown="" fullname="Up Right Animation (Idle)" hidden="false" id="13" name="ianimUpRt" order="16"/>
        <animation default="" desc="" dropdown="" fullname="Down Right Animation (Idle)" hidden="false" id="14" name="ianimDownRt" order="18"/>
        <actor default="thisactor" desc="" dropdown="" fullname="Actor" hidden="true" id="2147483647" name="actor" order="24"/>
        <animation default="" desc="" dropdown="" fullname="Left Animation (Idle)" hidden="false" id="15" name="ianimLeft" order="20"/>
        <boolean default="true" desc="Check this if you want this actor to be controlled by the player." dropdown="" fullname="Player Controlled?" hidden="false" id="17" name="player" order="4"/>
        <animation default="" desc="" dropdown="" fullname="Right Animation (Idle)" hidden="false" id="16" name="ianimRight" order="22"/>
        <boolean default="false" desc="" dropdown="" fullname="Pressed Right?" hidden="true" id="19" name="pressedRight" order="3"/>
        <boolean default="false" desc="" dropdown="" fullname="Pressed Left?" hidden="true" id="18" name="pressedLeft" order="2"/>
        <boolean default="false" desc="" dropdown="" fullname="Pressed Down?" hidden="true" id="21" name="pressedDown" order="1"/>
        <boolean default="false" desc="" dropdown="" fullname="Pressed Up?" hidden="true" id="20" name="pressedUp" order="0"/>
        <boolean default="false" desc="Check this if you want your character to move isometrically." dropdown="" fullname="Isometric Movement?" hidden="false" id="23" name="_IsometricMovement" order="5"/>
        <number default="0.03" desc="Speed below which we display the &quot;idle&quot; animation." dropdown="" fullname="Idle Threshold" hidden="false" id="22" name="idleSpeed" order="9"/>
        <animation default="" desc="" dropdown="" fullname="Up Left Animation (idle)" hidden="false" id="25" name="iAnimUpLt" order="25"/>
        <boolean default="false" desc="Check this to allow 8-way movement.&#10;An actor cannot move both isometrically and 8 ways." dropdown="" fullname="8 Way Movement?" hidden="false" id="24" name="_8WayMovement" order="6"/>
        <animation default="" desc="" dropdown="" fullname="Down Left Animation (idle)" hidden="false" id="27" name="ianimDownLt" order="27"/>
        <animation default="" desc="" dropdown="" fullname="Up Left Animation" hidden="false" id="26" name="animUpLt" order="26"/>
        <boolean default="true" desc="" dropdown="" fullname="LookingRight" hidden="true" id="29" name="_LookingRight" order="29"/>
        <animation default="" desc="" dropdown="" fullname="Down Left Animation" hidden="false" id="28" name="animDownLt" order="28"/>
        <blocks/>
    </snippet>
    <snippet category="13" class="scripts.Design_1_1_CameraFollowPlayer" desc="Makes the camera follow the given actor." description="Makes the camera follow the given actor." design="true" drawOrder="0" id="1" name="Camera Follow Player" oid="-1" scenespecific="false" shared="false" type="scene">
        <actor default="" desc="" dropdown="" fullname="Actor to Follow" hidden="false" id="1" name="toFollow" order="0"/>
        <boolean default="false" desc="Only allow horizontal scrolling." dropdown="" fullname="Horizontal Scrolling Only?" hidden="false" id="2" name="lockX" order="0"/>
        <boolean default="false" desc="Only allow vertical scrolling." dropdown="" fullname="Vertical Scrolling Only?" hidden="false" id="3" name="lockY" order="0"/>
        <number default="0" desc="" dropdown="" fullname="x" hidden="true" id="4" name="x" order="0"/>
        <number default="0.0" desc="" dropdown="" fullname="y" hidden="true" id="5" name="y" order="0"/>
        <blocks/>
    </snippet>
    <snippet category="-1" class="scripts.Design_2_2_doors" desc="" description="" design="true" drawOrder="0" id="2" name="doors" oid="-1" sceneid="0" scenespecific="true" shared="false" type="scene">
        <boolean default="false" desc="" dropdown="" fullname="Just Teleported" hidden="true" id="1" name="_JustTeleported" order="0"/>
        <list default="list" desc="" dropdown="" fullname="TeleportedActors" hidden="true" id="2" name="_TeleportedActors" order="1"/>
        <blocks/>
    </snippet>
    <snippet category="4" class="scripts.Design_3_3" desc="Punch" description="Punch" design="true" drawOrder="0" id="3" name="Punch" oid="-1" scenespecific="false" shared="false" type="actor">
        <boolean default="true" desc="Check this if you want this actor to be controlled by the player." dropdown="" fullname="Player Controlled?" hidden="false" id="17" name="player" order="1"/>
        <boolean default="false" desc="" dropdown="" fullname="isHitting" hidden="true" id="32" name="_isHitting" order="9"/>
        <boolean default="false" desc="" dropdown="" fullname="Pressed Punch?" hidden="true" id="20" name="pressedPunch" order="0"/>
        <control default="" desc="" dropdown="" fullname="Punch Control" hidden="false" id="5" name="controlPunch" order="2"/>
        <animation default="" desc="" dropdown="" fullname="Punch Left Animation" hidden="false" id="25" name="animPuchLt" order="5"/>
        <boolean default="true" desc="" dropdown="" fullname="LookingRight" hidden="true" id="29" name="_LookingRight" order="6"/>
        <animation default="" desc="" dropdown="" fullname="Punch Right Animation" hidden="false" id="13" name="animPunchRt" order="3"/>
        <number default="0" desc="" dropdown="" fullname="Punch Strength" hidden="false" id="31" name="_PunchStrength" order="8"/>
        <boolean default="false" desc="" dropdown="" fullname="isPunching" hidden="true" id="30" name="_isPunching" order="7"/>
        <actor default="thisactor" desc="" dropdown="" fullname="Actor" hidden="true" id="2147483647" name="actor" order="4"/>
        <blocks/>
    </snippet>
    <snippet category="12" class="scripts.Design_4_4_HealthControl" desc="" description="" design="true" drawOrder="0" id="4" name="HealthControl" oid="-1" scenespecific="false" shared="false" type="actor">
        <number default="0" desc="" dropdown="" fullname="Health" hidden="true" id="1" name="_Health" order="1"/>
        <number default="20" desc="" dropdown="" fullname="totalHealth" hidden="false" id="2" name="_totalHealth" order="2"/>
        <number default="0.0" desc="" dropdown="" fullname="damage" hidden="false" id="3" name="_damage" order="3"/>
        <boolean default="false" desc="" dropdown="" fullname="heyho" hidden="true" id="4" name="_heyho" order="4"/>
        <actor default="thisactor" desc="" dropdown="" fullname="Actor" hidden="true" id="2147483647" name="actor" order="0"/>
        <blocks/>
    </snippet>
    <snippet category="1" class="scripts.Design_5_5_followPlayer" desc="" description="" design="true" drawOrder="0" id="5" name="followPlayer" oid="-1" scenespecific="false" shared="false" type="actor">
        <actor default="" desc="" dropdown="" fullname="Player" hidden="false" id="1" name="_Player" order="1"/>
        <number default="16" desc="" dropdown="" fullname="Tolerance" hidden="false" id="2" name="_Tolerance" order="2"/>
        <actor default="thisactor" desc="" dropdown="" fullname="Actor" hidden="true" id="2147483647" name="actor" order="0"/>
        <blocks/>
    </snippet>
    <snippet category="1" class="scripts.Design_6_6_publishPosition" desc="" description="" design="true" drawOrder="0" id="6" name="publishPosition" oid="-1" scenespecific="false" shared="false" type="actor">
        <actor default="thisactor" desc="" dropdown="" fullname="Actor" hidden="true" id="2147483647" name="actor" order="2147483647"/>
        <blocks/>
    </snippet>
</pack>
