<?xml version="1.0" encoding="UTF-8"?><tululoo version="129" uid="309" title="" advancedscriptmode="0" imgfolder="img" audfolder="aud"><functions/><variables>soldierList = []
soldierIndex = 0
blockKeyC = false
shootDelay = 15
enemy_count = 0

function distanceSqTo(fromx, fromy, tox, toy) 
{
	var dx = tox - fromx
	var dy = toy - fromy
	return dx*dx + dy * dy
}

function shootSoldier(fromx, fromy) {
	var mindst = 800*800 * 2
	var selection = 0;
	for (var i=0; i&lt;soldierList.length; i++) {
		var dst = distanceSqTo(fromx, fromy, soldierList[i].x, soldierList[i].y);
		if (dst &gt; 0 &amp;&amp; dst &lt; mindst) {
			selection = i;
			mindst = dst;
		}
	}
	
	// avoid out of bounds
	if (selection &gt;= soldierList.length)
		return;
	
	var dx = (soldierList[selection].x - fromx)/Math.sqrt(mindst);
	var dy = (soldierList[selection].y - fromy)/Math.sqrt(mindst);
	var incx = -10
	if (dx &gt;= 0)
		incx = 10
	var incy = -20
	if (dy &gt;= 0)
		incy = 20
	instance_create(fromx + incx, fromy + incy, bullet_obj, [dx,dy]);

}</variables><comments/><sprites count="13"><sprite name="soldier_look_rt" centerx="5" centery="13" collisionshape="Box" collisionradius="5" collisionleft="0" collisionright="10" collisiontop="0" collisionbottom="26"/><sprite name="soldier_look_lt" centerx="5" centery="13" collisionshape="Box" collisionradius="5" collisionleft="0" collisionright="10" collisiontop="0" collisionbottom="26"/><sprite name="soldier_walk_lt" centerx="5" centery="13" collisionshape="Box" collisionradius="5" collisionleft="0" collisionright="10" collisiontop="0" collisionbottom="26"/><sprite name="soldier_walk_rt" centerx="5" centery="13" collisionshape="Box" collisionradius="5" collisionleft="0" collisionright="10" collisiontop="0" collisionbottom="26"/><sprite name="bullet_img" centerx="2" centery="2" collisionshape="Box" collisionradius="2" collisionleft="0" collisionright="4" collisiontop="0" collisionbottom="4"/><sprite name="splash" centerx="10" centery="10" collisionshape="Box" collisionradius="10" collisionleft="0" collisionright="20" collisiontop="0" collisionbottom="20"/><sprite name="grave" centerx="10" centery="10" collisionshape="Box" collisionradius="10" collisionleft="4" collisionright="14" collisiontop="2" collisionbottom="20"/><sprite name="enemy_look_left" centerx="5" centery="13" collisionshape="Box" collisionradius="5" collisionleft="0" collisionright="10" collisiontop="0" collisionbottom="26"/><sprite name="enemy_look_right" centerx="5" centery="13" collisionshape="Box" collisionradius="5" collisionleft="0" collisionright="10" collisiontop="0" collisionbottom="26"/><sprite name="enemy_walk_left" centerx="5" centery="13" collisionshape="Box" collisionradius="5" collisionleft="0" collisionright="10" collisiontop="0" collisionbottom="26"/><sprite name="enemy_walk_right" centerx="5" centery="13" collisionshape="Box" collisionradius="5" collisionleft="0" collisionright="10" collisiontop="0" collisionbottom="26"/><sprite name="wall_img" centerx="0" centery="0" collisionshape="Box" collisionradius="10" collisionleft="0" collisionright="20" collisiontop="0" collisionbottom="20"/><sprite name="select_box" centerx="10" centery="20" collisionshape="Box" collisionradius="10" collisionleft="0" collisionright="20" collisiontop="0" collisionbottom="40"/></sprites><frames count="17"><frame file="0" sprite="soldier_look_rt"/><frame file="0" sprite="soldier_look_lt"/><frame file="0" sprite="soldier_walk_lt"/><frame file="1" sprite="soldier_walk_lt"/><frame file="0" sprite="soldier_walk_rt"/><frame file="1" sprite="soldier_walk_rt"/><frame file="0" sprite="bullet_img"/><frame file="0" sprite="splash"/><frame file="0" sprite="grave"/><frame file="0" sprite="enemy_look_left"/><frame file="0" sprite="enemy_look_right"/><frame file="0" sprite="enemy_walk_left"/><frame file="1" sprite="enemy_walk_left"/><frame file="0" sprite="enemy_walk_right"/><frame file="1" sprite="enemy_walk_right"/><frame file="0" sprite="wall_img"/><frame file="0" sprite="select_box"/></frames><sounds count="0"/><musics count="0"/><backgrounds count="0"/><fonts count="0"/><objects count="254"><object name="soldier" template="" prototype="1" scene="" sprite="soldier_look_rt" x="0" y="0" visible="1" depth="0" collision="1" parent="" direction="0" image_angle="0"/><object name="bullet_obj" template="" prototype="1" scene="" sprite="bullet_img" x="0" y="0" visible="1" depth="0" collision="1" parent="" direction="0" image_angle="0"/><object name="enemy" template="" prototype="1" scene="" sprite="enemy_look_left" x="0" y="0" visible="1" depth="0" collision="1" parent="" direction="0" image_angle="0"/><object name="SceneObject25" template="enemy" prototype="0" scene="scene_10" sprite="enemy_look_left" x="525" y="96" visible="0" depth="0" collision="0" parent="" direction="0" image_angle="0"/><object name="splash_obj" template="" prototype="1" scene="" sprite="splash" x="0" y="0" visible="1" depth="0" collision="1" parent="" direction="0" image_angle="0"/><object name="grave_obj" template="" prototype="1" scene="" sprite="grave" x="0" y="0" visible="1" depth="0" collision="1" parent="" direction="0" image_angle="0"/><object name="wall_obj" template="" prototype="1" scene="" sprite="wall_img" x="0" y="0" visible="1" depth="0" collision="1" parent="" direction="0" image_angle="0"/><object name="SceneObject42" template="wall_obj" prototype="0" scene="scene_10" sprite="wall_img" x="340" y="160" visible="0" depth="0" collision="0" parent="" direction="0" image_angle="0"/><object name="SceneObject43" template="wall_obj" prototype="0" scene="scene_10" sprite="wall_img" x="320" y="160" visible="0" depth="0" collision="0" parent="" direction="0" image_angle="0"/><object name="SceneObject44" template="wall_obj" prototype="0" scene="scene_10" sprite="wall_img" x="300" y="160" visible="0" depth="0" collision="0" parent="" direction="0" image_angle="0"/><object name="SceneObject45" template="wall_obj" prototype="0" scene="scene_10" sprite="wall_img" x="280" y="160" visible="0" depth="0" collision="0" parent="" direction="0" image_angle="0"/><object name="SceneObject46" template="wall_obj" prototype="0" scene="scene_10" sprite="wall_img" x="280" y="140" visible="0" depth="0" collision="0" parent="" direction="0" image_angle="0"/><object name="SceneObject47" template="wall_obj" prototype="0" scene="scene_10" sprite="wall_img" x="300" y="140" visible="0" depth="0" collision="0" parent="" direction="0" image_angle="0"/><object name="SceneObject48" template="wall_obj" prototype="0" scene="scene_10" sprite="wall_img" x="280" y="120" visible="0" depth="0" collision="0" parent="" direction="0" image_angle="0"/><object name="SceneObject49" template="soldier" prototype="0" scene="scene_10" sprite="soldier_look_rt" x="220" y="400" visible="0" depth="0" collision="0" parent="" direction="0" image_angle="0"/><object name="SceneObject52" template="wall_obj" prototype="0" scene="scene_10" sprite="wall_img" x="340" y="300" visible="0" depth="0" collision="0" parent="" direction="0" image_angle="0"/><object name="SceneObject53" template="wall_obj" prototype="0" scene="scene_10" sprite="wall_img" x="320" y="300" visible="0" depth="0" collision="0" parent="" direction="0" image_angle="0"/><object name="SceneObject54" template="wall_obj" prototype="0" scene="scene_10" sprite="wall_img" x="300" y="300" visible="0" depth="0" collision="0" parent="" direction="0" image_angle="0"/><object name="SceneObject55" template="wall_obj" prototype="0" scene="scene_10" sprite="wall_img" x="280" y="300" visible="0" depth="0" collision="0" parent="" direction="0" image_angle="0"/><object name="SceneObject56" template="wall_obj" prototype="0" scene="scene_10" sprite="wall_img" x="260" y="280" visible="0" depth="0" collision="0" parent="" direction="0" image_angle="0"/><object name="SceneObject57" template="wall_obj" prototype="0" scene="scene_10" sprite="wall_img" x="260" y="260" visible="0" depth="0" collision="0" parent="" direction="0" image_angle="0"/><object name="SceneObject58" template="wall_obj" prototype="0" scene="scene_10" sprite="wall_img" x="220" y="360" visible="0" depth="0" collision="0" parent="" direction="0" image_angle="0"/><object name="SceneObject59" template="wall_obj" prototype="0" scene="scene_10" sprite="wall_img" x="200" y="360" visible="0" depth="0" collision="0" parent="" direction="0" image_angle="0"/><object name="SceneObject60" template="wall_obj" prototype="0" scene="scene_10" sprite="wall_img" x="400" y="200" visible="0" depth="0" collision="0" parent="" direction="0" image_angle="0"/><object name="SceneObject61" template="wall_obj" prototype="0" scene="scene_10" sprite="wall_img" x="400" y="220" visible="0" depth="0" collision="0" parent="" direction="0" image_angle="0"/><object name="SceneObject62" template="wall_obj" prototype="0" scene="scene_10" sprite="wall_img" x="400" y="240" visible="0" depth="0" collision="0" parent="" direction="0" image_angle="0"/><object name="SceneObject63" template="wall_obj" prototype="0" scene="scene_10" sprite="wall_img" x="400" y="260" visible="0" depth="0" collision="0" parent="" direction="0" image_angle="0"/><object name="SceneObject64" template="wall_obj" prototype="0" scene="scene_10" sprite="wall_img" x="400" y="300" visible="0" depth="0" collision="0" parent="" direction="0" image_angle="0"/><object name="SceneObject65" template="wall_obj" prototype="0" scene="scene_10" sprite="wall_img" x="400" y="280" visible="0" depth="0" collision="0" parent="" direction="0" image_angle="0"/><object name="SceneObject66" template="wall_obj" prototype="0" scene="scene_10" sprite="wall_img" x="440" y="80" visible="0" depth="0" collision="0" parent="" direction="0" image_angle="0"/><object name="SceneObject67" template="wall_obj" prototype="0" scene="scene_10" sprite="wall_img" x="440" y="100" visible="0" depth="0" collision="0" parent="" direction="0" image_angle="0"/><object name="SceneObject68" template="wall_obj" prototype="0" scene="scene_10" sprite="wall_img" x="440" y="100" visible="0" depth="0" collision="0" parent="" direction="0" image_angle="0"/><object name="SceneObject69" template="wall_obj" prototype="0" scene="scene_10" sprite="wall_img" x="440" y="120" visible="0" depth="0" collision="0" parent="" direction="0" image_angle="0"/><object name="SceneObject70" template="wall_obj" prototype="0" scene="scene_10" sprite="wall_img" x="460" y="120" visible="0" depth="0" collision="0" parent="" direction="0" image_angle="0"/><object name="SceneObject71" template="wall_obj" prototype="0" scene="scene_10" sprite="wall_img" x="480" y="120" visible="0" depth="0" collision="0" parent="" direction="0" image_angle="0"/><object name="SceneObject72" template="wall_obj" prototype="0" scene="scene_10" sprite="wall_img" x="500" y="120" visible="0" depth="0" collision="0" parent="" direction="0" image_angle="0"/><object name="SceneObject73" template="wall_obj" prototype="0" scene="scene_10" sprite="wall_img" x="500" y="40" visible="0" depth="0" collision="0" parent="" direction="0" image_angle="0"/><object name="SceneObject74" template="wall_obj" prototype="0" scene="scene_10" sprite="wall_img" x="540" y="40" visible="0" depth="0" collision="0" parent="" direction="0" image_angle="0"/><object name="SceneObject75" template="wall_obj" prototype="0" scene="scene_10" sprite="wall_img" x="520" y="40" visible="0" depth="0" collision="0" parent="" direction="0" image_angle="0"/><object name="SceneObject76" template="wall_obj" prototype="0" scene="scene_10" sprite="wall_img" x="560" y="40" visible="0" depth="0" collision="0" parent="" direction="0" image_angle="0"/><object name="SceneObject77" template="wall_obj" prototype="0" scene="scene_10" sprite="wall_img" x="560" y="80" visible="0" depth="0" collision="0" parent="" direction="0" image_angle="0"/><object name="SceneObject78" template="wall_obj" prototype="0" scene="scene_10" sprite="wall_img" x="560" y="60" visible="0" depth="0" collision="0" parent="" direction="0" image_angle="0"/><object name="SceneObject79" template="wall_obj" prototype="0" scene="scene_10" sprite="wall_img" x="560" y="100" visible="0" depth="0" collision="0" parent="" direction="0" image_angle="0"/><object name="SceneObject80" template="wall_obj" prototype="0" scene="scene_10" sprite="wall_img" x="560" y="140" visible="0" depth="0" collision="0" parent="" direction="0" image_angle="0"/><object name="SceneObject81" template="wall_obj" prototype="0" scene="scene_10" sprite="wall_img" x="560" y="120" visible="0" depth="0" collision="0" parent="" direction="0" image_angle="0"/><object name="SceneObject82" template="wall_obj" prototype="0" scene="scene_10" sprite="wall_img" x="560" y="160" visible="0" depth="0" collision="0" parent="" direction="0" image_angle="0"/><object name="SceneObject83" template="wall_obj" prototype="0" scene="scene_10" sprite="wall_img" x="500" y="140" visible="0" depth="0" collision="0" parent="" direction="0" image_angle="0"/><object name="SceneObject84" template="wall_obj" prototype="0" scene="scene_10" sprite="wall_img" x="500" y="160" visible="0" depth="0" collision="0" parent="" direction="0" image_angle="0"/><object name="SceneObject85" template="wall_obj" prototype="0" scene="scene_10" sprite="wall_img" x="500" y="180" visible="0" depth="0" collision="0" parent="" direction="0" image_angle="0"/><object name="SceneObject86" template="wall_obj" prototype="0" scene="scene_10" sprite="wall_img" x="580" y="160" visible="0" depth="0" collision="0" parent="" direction="0" image_angle="0"/><object name="SceneObject87" template="wall_obj" prototype="0" scene="scene_10" sprite="wall_img" x="600" y="160" visible="0" depth="0" collision="0" parent="" direction="0" image_angle="0"/><object name="SceneObject88" template="wall_obj" prototype="0" scene="scene_10" sprite="wall_img" x="620" y="160" visible="0" depth="0" collision="0" parent="" direction="0" image_angle="0"/><object name="SceneObject89" template="wall_obj" prototype="0" scene="scene_10" sprite="wall_img" x="500" y="200" visible="0" depth="0" collision="0" parent="" direction="0" image_angle="0"/><object name="SceneObject90" template="wall_obj" prototype="0" scene="scene_10" sprite="wall_img" x="500" y="240" visible="0" depth="0" collision="0" parent="" direction="0" image_angle="0"/><object name="SceneObject91" template="wall_obj" prototype="0" scene="scene_10" sprite="wall_img" x="500" y="220" visible="0" depth="0" collision="0" parent="" direction="0" image_angle="0"/><object name="SceneObject92" template="wall_obj" prototype="0" scene="scene_10" sprite="wall_img" x="500" y="300" visible="0" depth="0" collision="0" parent="" direction="0" image_angle="0"/><object name="SceneObject93" template="wall_obj" prototype="0" scene="scene_10" sprite="wall_img" x="520" y="300" visible="0" depth="0" collision="0" parent="" direction="0" image_angle="0"/><object name="SceneObject94" template="wall_obj" prototype="0" scene="scene_10" sprite="wall_img" x="560" y="300" visible="0" depth="0" collision="0" parent="" direction="0" image_angle="0"/><object name="SceneObject95" template="wall_obj" prototype="0" scene="scene_10" sprite="wall_img" x="540" y="300" visible="0" depth="0" collision="0" parent="" direction="0" image_angle="0"/><object name="SceneObject96" template="wall_obj" prototype="0" scene="scene_10" sprite="wall_img" x="580" y="300" visible="0" depth="0" collision="0" parent="" direction="0" image_angle="0"/><object name="SceneObject97" template="wall_obj" prototype="0" scene="scene_10" sprite="wall_img" x="600" y="300" visible="0" depth="0" collision="0" parent="" direction="0" image_angle="0"/><object name="SceneObject98" template="wall_obj" prototype="0" scene="scene_10" sprite="wall_img" x="620" y="300" visible="0" depth="0" collision="0" parent="" direction="0" image_angle="0"/><object name="SceneObject99" template="wall_obj" prototype="0" scene="scene_10" sprite="wall_img" x="620" y="280" visible="0" depth="0" collision="0" parent="" direction="0" image_angle="0"/><object name="SceneObject100" template="wall_obj" prototype="0" scene="scene_10" sprite="wall_img" x="620" y="220" visible="0" depth="0" collision="0" parent="" direction="0" image_angle="0"/><object name="SceneObject101" template="wall_obj" prototype="0" scene="scene_10" sprite="wall_img" x="620" y="200" visible="0" depth="0" collision="0" parent="" direction="0" image_angle="0"/><object name="SceneObject102" template="wall_obj" prototype="0" scene="scene_10" sprite="wall_img" x="620" y="180" visible="0" depth="0" collision="0" parent="" direction="0" image_angle="0"/><object name="SceneObject103" template="wall_obj" prototype="0" scene="scene_10" sprite="wall_img" x="60" y="60" visible="0" depth="0" collision="0" parent="" direction="0" image_angle="0"/><object name="SceneObject104" template="wall_obj" prototype="0" scene="scene_10" sprite="wall_img" x="60" y="80" visible="0" depth="0" collision="0" parent="" direction="0" image_angle="0"/><object name="SceneObject105" template="wall_obj" prototype="0" scene="scene_10" sprite="wall_img" x="60" y="100" visible="0" depth="0" collision="0" parent="" direction="0" image_angle="0"/><object name="SceneObject106" template="wall_obj" prototype="0" scene="scene_10" sprite="wall_img" x="60" y="120" visible="0" depth="0" collision="0" parent="" direction="0" image_angle="0"/><object name="SceneObject107" template="wall_obj" prototype="0" scene="scene_10" sprite="wall_img" x="80" y="120" visible="0" depth="0" collision="0" parent="" direction="0" image_angle="0"/><object name="SceneObject108" template="wall_obj" prototype="0" scene="scene_10" sprite="wall_img" x="100" y="120" visible="0" depth="0" collision="0" parent="" direction="0" image_angle="0"/><object name="SceneObject109" template="wall_obj" prototype="0" scene="scene_10" sprite="wall_img" x="120" y="120" visible="0" depth="0" collision="0" parent="" direction="0" image_angle="0"/><object name="SceneObject110" template="wall_obj" prototype="0" scene="scene_10" sprite="wall_img" x="120" y="80" visible="0" depth="0" collision="0" parent="" direction="0" image_angle="0"/><object name="SceneObject111" template="wall_obj" prototype="0" scene="scene_10" sprite="wall_img" x="120" y="60" visible="0" depth="0" collision="0" parent="" direction="0" image_angle="0"/><object name="SceneObject112" template="wall_obj" prototype="0" scene="scene_10" sprite="wall_img" x="120" y="100" visible="0" depth="0" collision="0" parent="" direction="0" image_angle="0"/><object name="SceneObject113" template="wall_obj" prototype="0" scene="scene_10" sprite="wall_img" x="180" y="180" visible="0" depth="0" collision="0" parent="" direction="0" image_angle="0"/><object name="SceneObject114" template="wall_obj" prototype="0" scene="scene_10" sprite="wall_img" x="160" y="180" visible="0" depth="0" collision="0" parent="" direction="0" image_angle="0"/><object name="SceneObject115" template="wall_obj" prototype="0" scene="scene_10" sprite="wall_img" x="140" y="180" visible="0" depth="0" collision="0" parent="" direction="0" image_angle="0"/><object name="SceneObject116" template="wall_obj" prototype="0" scene="scene_10" sprite="wall_img" x="120" y="180" visible="0" depth="0" collision="0" parent="" direction="0" image_angle="0"/><object name="SceneObject117" template="wall_obj" prototype="0" scene="scene_10" sprite="wall_img" x="100" y="180" visible="0" depth="0" collision="0" parent="" direction="0" image_angle="0"/><object name="SceneObject118" template="wall_obj" prototype="0" scene="scene_10" sprite="wall_img" x="80" y="180" visible="0" depth="0" collision="0" parent="" direction="0" image_angle="0"/><object name="SceneObject119" template="wall_obj" prototype="0" scene="scene_10" sprite="wall_img" x="60" y="180" visible="0" depth="0" collision="0" parent="" direction="0" image_angle="0"/><object name="SceneObject120" template="wall_obj" prototype="0" scene="scene_10" sprite="wall_img" x="120" y="200" visible="0" depth="0" collision="0" parent="" direction="0" image_angle="0"/><object name="SceneObject121" template="wall_obj" prototype="0" scene="scene_10" sprite="wall_img" x="120" y="220" visible="0" depth="0" collision="0" parent="" direction="0" image_angle="0"/><object name="SceneObject122" template="wall_obj" prototype="0" scene="scene_10" sprite="wall_img" x="120" y="240" visible="0" depth="0" collision="0" parent="" direction="0" image_angle="0"/><object name="SceneObject123" template="wall_obj" prototype="0" scene="scene_10" sprite="wall_img" x="120" y="260" visible="0" depth="0" collision="0" parent="" direction="0" image_angle="0"/><object name="SceneObject124" template="wall_obj" prototype="0" scene="scene_10" sprite="wall_img" x="120" y="280" visible="0" depth="0" collision="0" parent="" direction="0" image_angle="0"/><object name="SceneObject125" template="wall_obj" prototype="0" scene="scene_10" sprite="wall_img" x="160" y="520" visible="0" depth="0" collision="0" parent="" direction="0" image_angle="0"/><object name="SceneObject126" template="wall_obj" prototype="0" scene="scene_10" sprite="wall_img" x="160" y="500" visible="0" depth="0" collision="0" parent="" direction="0" image_angle="0"/><object name="SceneObject127" template="wall_obj" prototype="0" scene="scene_10" sprite="wall_img" x="160" y="480" visible="0" depth="0" collision="0" parent="" direction="0" image_angle="0"/><object name="SceneObject128" template="wall_obj" prototype="0" scene="scene_10" sprite="wall_img" x="140" y="480" visible="0" depth="0" collision="0" parent="" direction="0" image_angle="0"/><object name="SceneObject129" template="wall_obj" prototype="0" scene="scene_10" sprite="wall_img" x="120" y="480" visible="0" depth="0" collision="0" parent="" direction="0" image_angle="0"/><object name="SceneObject130" template="wall_obj" prototype="0" scene="scene_10" sprite="wall_img" x="100" y="480" visible="0" depth="0" collision="0" parent="" direction="0" image_angle="0"/><object name="SceneObject131" template="wall_obj" prototype="0" scene="scene_10" sprite="wall_img" x="80" y="480" visible="0" depth="0" collision="0" parent="" direction="0" image_angle="0"/><object name="SceneObject132" template="wall_obj" prototype="0" scene="scene_10" sprite="wall_img" x="80" y="420" visible="0" depth="0" collision="0" parent="" direction="0" image_angle="0"/><object name="SceneObject133" template="wall_obj" prototype="0" scene="scene_10" sprite="wall_img" x="80" y="400" visible="0" depth="0" collision="0" parent="" direction="0" image_angle="0"/><object name="SceneObject134" template="wall_obj" prototype="0" scene="scene_10" sprite="wall_img" x="80" y="380" visible="0" depth="0" collision="0" parent="" direction="0" image_angle="0"/><object name="SceneObject135" template="wall_obj" prototype="0" scene="scene_10" sprite="wall_img" x="80" y="360" visible="0" depth="0" collision="0" parent="" direction="0" image_angle="0"/><object name="SceneObject136" template="wall_obj" prototype="0" scene="scene_10" sprite="wall_img" x="20" y="300" visible="0" depth="0" collision="0" parent="" direction="0" image_angle="0"/><object name="SceneObject137" template="wall_obj" prototype="0" scene="scene_10" sprite="wall_img" x="0" y="300" visible="0" depth="0" collision="0" parent="" direction="0" image_angle="0"/><object name="SceneObject138" template="wall_obj" prototype="0" scene="scene_10" sprite="wall_img" x="60" y="300" visible="0" depth="0" collision="0" parent="" direction="0" image_angle="0"/><object name="SceneObject139" template="wall_obj" prototype="0" scene="scene_10" sprite="wall_img" x="40" y="300" visible="0" depth="0" collision="0" parent="" direction="0" image_angle="0"/><object name="SceneObject140" template="wall_obj" prototype="0" scene="scene_10" sprite="wall_img" x="340" y="400" visible="0" depth="0" collision="0" parent="" direction="0" image_angle="0"/><object name="SceneObject141" template="wall_obj" prototype="0" scene="scene_10" sprite="wall_img" x="340" y="420" visible="0" depth="0" collision="0" parent="" direction="0" image_angle="0"/><object name="SceneObject142" template="wall_obj" prototype="0" scene="scene_10" sprite="wall_img" x="340" y="440" visible="0" depth="0" collision="0" parent="" direction="0" image_angle="0"/><object name="SceneObject143" template="wall_obj" prototype="0" scene="scene_10" sprite="wall_img" x="340" y="460" visible="0" depth="0" collision="0" parent="" direction="0" image_angle="0"/><object name="SceneObject144" template="wall_obj" prototype="0" scene="scene_10" sprite="wall_img" x="340" y="480" visible="0" depth="0" collision="0" parent="" direction="0" image_angle="0"/><object name="SceneObject145" template="wall_obj" prototype="0" scene="scene_10" sprite="wall_img" x="340" y="500" visible="0" depth="0" collision="0" parent="" direction="0" image_angle="0"/><object name="SceneObject146" template="wall_obj" prototype="0" scene="scene_10" sprite="wall_img" x="340" y="520" visible="0" depth="0" collision="0" parent="" direction="0" image_angle="0"/><object name="SceneObject147" template="wall_obj" prototype="0" scene="scene_10" sprite="wall_img" x="320" y="440" visible="0" depth="0" collision="0" parent="" direction="0" image_angle="0"/><object name="SceneObject148" template="wall_obj" prototype="0" scene="scene_10" sprite="wall_img" x="300" y="440" visible="0" depth="0" collision="0" parent="" direction="0" image_angle="0"/><object name="SceneObject149" template="wall_obj" prototype="0" scene="scene_10" sprite="wall_img" x="280" y="440" visible="0" depth="0" collision="0" parent="" direction="0" image_angle="0"/><object name="SceneObject150" template="wall_obj" prototype="0" scene="scene_10" sprite="wall_img" x="260" y="440" visible="0" depth="0" collision="0" parent="" direction="0" image_angle="0"/><object name="SceneObject151" template="wall_obj" prototype="0" scene="scene_10" sprite="wall_img" x="260" y="460" visible="0" depth="0" collision="0" parent="" direction="0" image_angle="0"/><object name="SceneObject152" template="wall_obj" prototype="0" scene="scene_10" sprite="wall_img" x="260" y="480" visible="0" depth="0" collision="0" parent="" direction="0" image_angle="0"/><object name="SceneObject153" template="wall_obj" prototype="0" scene="scene_10" sprite="wall_img" x="400" y="340" visible="0" depth="0" collision="0" parent="" direction="0" image_angle="0"/><object name="SceneObject154" template="wall_obj" prototype="0" scene="scene_10" sprite="wall_img" x="400" y="320" visible="0" depth="0" collision="0" parent="" direction="0" image_angle="0"/><object name="SceneObject155" template="wall_obj" prototype="0" scene="scene_10" sprite="wall_img" x="400" y="360" visible="0" depth="0" collision="0" parent="" direction="0" image_angle="0"/><object name="SceneObject156" template="wall_obj" prototype="0" scene="scene_10" sprite="wall_img" x="400" y="380" visible="0" depth="0" collision="0" parent="" direction="0" image_angle="0"/><object name="SceneObject157" template="wall_obj" prototype="0" scene="scene_10" sprite="wall_img" x="400" y="400" visible="0" depth="0" collision="0" parent="" direction="0" image_angle="0"/><object name="SceneObject158" template="wall_obj" prototype="0" scene="scene_10" sprite="wall_img" x="500" y="420" visible="0" depth="0" collision="0" parent="" direction="0" image_angle="0"/><object name="SceneObject159" template="wall_obj" prototype="0" scene="scene_10" sprite="wall_img" x="500" y="440" visible="0" depth="0" collision="0" parent="" direction="0" image_angle="0"/><object name="SceneObject160" template="wall_obj" prototype="0" scene="scene_10" sprite="wall_img" x="500" y="460" visible="0" depth="0" collision="0" parent="" direction="0" image_angle="0"/><object name="SceneObject161" template="wall_obj" prototype="0" scene="scene_10" sprite="wall_img" x="520" y="460" visible="0" depth="0" collision="0" parent="" direction="0" image_angle="0"/><object name="SceneObject162" template="wall_obj" prototype="0" scene="scene_10" sprite="wall_img" x="540" y="460" visible="0" depth="0" collision="0" parent="" direction="0" image_angle="0"/><object name="SceneObject163" template="wall_obj" prototype="0" scene="scene_10" sprite="wall_img" x="560" y="460" visible="0" depth="0" collision="0" parent="" direction="0" image_angle="0"/><object name="SceneObject164" template="wall_obj" prototype="0" scene="scene_10" sprite="wall_img" x="580" y="460" visible="0" depth="0" collision="0" parent="" direction="0" image_angle="0"/><object name="SceneObject165" template="wall_obj" prototype="0" scene="scene_10" sprite="wall_img" x="580" y="420" visible="0" depth="0" collision="0" parent="" direction="0" image_angle="0"/><object name="SceneObject166" template="wall_obj" prototype="0" scene="scene_10" sprite="wall_img" x="580" y="440" visible="0" depth="0" collision="0" parent="" direction="0" image_angle="0"/><object name="SceneObject167" template="wall_obj" prototype="0" scene="scene_10" sprite="wall_img" x="500" y="400" visible="0" depth="0" collision="0" parent="" direction="0" image_angle="0"/><object name="SceneObject168" template="wall_obj" prototype="0" scene="scene_10" sprite="wall_img" x="500" y="380" visible="0" depth="0" collision="0" parent="" direction="0" image_angle="0"/><object name="SceneObject169" template="wall_obj" prototype="0" scene="scene_10" sprite="wall_img" x="500" y="360" visible="0" depth="0" collision="0" parent="" direction="0" image_angle="0"/><object name="SceneObject170" template="wall_obj" prototype="0" scene="scene_10" sprite="wall_img" x="520" y="360" visible="0" depth="0" collision="0" parent="" direction="0" image_angle="0"/><object name="SceneObject171" template="wall_obj" prototype="0" scene="scene_10" sprite="wall_img" x="540" y="360" visible="0" depth="0" collision="0" parent="" direction="0" image_angle="0"/><object name="SceneObject172" template="wall_obj" prototype="0" scene="scene_10" sprite="wall_img" x="560" y="360" visible="0" depth="0" collision="0" parent="" direction="0" image_angle="0"/><object name="SceneObject173" template="wall_obj" prototype="0" scene="scene_10" sprite="wall_img" x="580" y="360" visible="0" depth="0" collision="0" parent="" direction="0" image_angle="0"/><object name="SceneObject174" template="wall_obj" prototype="0" scene="scene_10" sprite="wall_img" x="580" y="380" visible="0" depth="0" collision="0" parent="" direction="0" image_angle="0"/><object name="SceneObject175" template="wall_obj" prototype="0" scene="scene_10" sprite="wall_img" x="580" y="400" visible="0" depth="0" collision="0" parent="" direction="0" image_angle="0"/><object name="SceneObject176" template="wall_obj" prototype="0" scene="scene_10" sprite="wall_img" x="540" y="400" visible="0" depth="0" collision="0" parent="" direction="0" image_angle="0"/><object name="SceneObject177" template="wall_obj" prototype="0" scene="scene_10" sprite="wall_img" x="540" y="420" visible="0" depth="0" collision="0" parent="" direction="0" image_angle="0"/><object name="SceneObject178" template="wall_obj" prototype="0" scene="scene_10" sprite="wall_img" x="680" y="460" visible="0" depth="0" collision="0" parent="" direction="0" image_angle="0"/><object name="SceneObject179" template="wall_obj" prototype="0" scene="scene_10" sprite="wall_img" x="660" y="460" visible="0" depth="0" collision="0" parent="" direction="0" image_angle="0"/><object name="SceneObject180" template="wall_obj" prototype="0" scene="scene_10" sprite="wall_img" x="640" y="460" visible="0" depth="0" collision="0" parent="" direction="0" image_angle="0"/><object name="SceneObject181" template="wall_obj" prototype="0" scene="scene_10" sprite="wall_img" x="140" y="100" visible="0" depth="0" collision="0" parent="" direction="0" image_angle="0"/><object name="SceneObject182" template="wall_obj" prototype="0" scene="scene_10" sprite="wall_img" x="140" y="80" visible="0" depth="0" collision="0" parent="" direction="0" image_angle="0"/><object name="SceneObject183" template="wall_obj" prototype="0" scene="scene_10" sprite="wall_img" x="160" y="80" visible="0" depth="0" collision="0" parent="" direction="0" image_angle="0"/><object name="SceneObject184" template="wall_obj" prototype="0" scene="scene_10" sprite="wall_img" x="140" y="60" visible="0" depth="0" collision="0" parent="" direction="0" image_angle="0"/><object name="SceneObject185" template="wall_obj" prototype="0" scene="scene_10" sprite="wall_img" x="160" y="60" visible="0" depth="0" collision="0" parent="" direction="0" image_angle="0"/><object name="SceneObject186" template="wall_obj" prototype="0" scene="scene_10" sprite="wall_img" x="180" y="60" visible="0" depth="0" collision="0" parent="" direction="0" image_angle="0"/><object name="SceneObject187" template="wall_obj" prototype="0" scene="scene_10" sprite="wall_img" x="200" y="60" visible="0" depth="0" collision="0" parent="" direction="0" image_angle="0"/><object name="SceneObject188" template="enemy" prototype="0" scene="scene_10" sprite="enemy_look_left" x="100" y="80" visible="0" depth="0" collision="0" parent="" direction="0" image_angle="0"/><object name="SceneObject189" template="enemy" prototype="0" scene="scene_10" sprite="enemy_look_left" x="60" y="260" visible="0" depth="0" collision="0" parent="" direction="0" image_angle="0"/><object name="SceneObject190" template="enemy" prototype="0" scene="scene_10" sprite="enemy_look_left" x="80" y="460" visible="0" depth="0" collision="0" parent="" direction="0" image_angle="0"/><object name="SceneObject194" template="enemy" prototype="0" scene="scene_10" sprite="enemy_look_left" x="540" y="220" visible="0" depth="0" collision="0" parent="" direction="0" image_angle="0"/><object name="SceneObject195" template="enemy" prototype="0" scene="scene_10" sprite="enemy_look_left" x="600" y="80" visible="0" depth="0" collision="0" parent="" direction="0" image_angle="0"/><object name="SceneObject196" template="enemy" prototype="0" scene="scene_10" sprite="enemy_look_left" x="160" y="20" visible="0" depth="0" collision="0" parent="" direction="0" image_angle="0"/><object name="SceneObject197" template="soldier" prototype="0" scene="scene_10" sprite="soldier_look_rt" x="100" y="160" visible="0" depth="0" collision="0" parent="" direction="0" image_angle="0"/><object name="SceneObject198" template="soldier" prototype="0" scene="scene_10" sprite="soldier_look_rt" x="680" y="520" visible="0" depth="0" collision="0" parent="" direction="0" image_angle="0"/><object name="SceneObject199" template="soldier" prototype="0" scene="scene_10" sprite="soldier_look_rt" x="480" y="400" visible="0" depth="0" collision="0" parent="" direction="0" image_angle="0"/><object name="SceneObject200" template="soldier" prototype="0" scene="scene_10" sprite="soldier_look_rt" x="660" y="200" visible="0" depth="0" collision="0" parent="" direction="0" image_angle="0"/><object name="SceneObject201" template="soldier" prototype="0" scene="scene_10" sprite="soldier_look_rt" x="140" y="520" visible="0" depth="0" collision="0" parent="" direction="0" image_angle="0"/><object name="SceneObject202" template="enemy" prototype="0" scene="scene_10" sprite="enemy_look_left" x="320" y="480" visible="0" depth="0" collision="0" parent="" direction="0" image_angle="0"/><object name="SceneObject203" template="enemy" prototype="0" scene="scene_10" sprite="enemy_look_left" x="300" y="280" visible="0" depth="0" collision="0" parent="" direction="0" image_angle="0"/><object name="SceneObject206" template="enemy" prototype="0" scene="scene_10" sprite="enemy_look_left" x="220" y="340" visible="0" depth="0" collision="0" parent="" direction="0" image_angle="0"/><object name="SceneObject207" template="wall_obj" prototype="0" scene="scene_10" sprite="wall_img" x="700" y="460" visible="0" depth="0" collision="0" parent="" direction="0" image_angle="0"/><object name="SceneObject208" template="wall_obj" prototype="0" scene="scene_10" sprite="wall_img" x="700" y="480" visible="0" depth="0" collision="0" parent="" direction="0" image_angle="0"/><object name="SceneObject209" template="wall_obj" prototype="0" scene="scene_10" sprite="wall_img" x="700" y="500" visible="0" depth="0" collision="0" parent="" direction="0" image_angle="0"/><object name="SceneObject210" template="wall_obj" prototype="0" scene="scene_10" sprite="wall_img" x="700" y="520" visible="0" depth="0" collision="0" parent="" direction="0" image_angle="0"/><object name="SceneObject211" template="wall_obj" prototype="0" scene="scene_10" sprite="wall_img" x="700" y="540" visible="0" depth="0" collision="0" parent="" direction="0" image_angle="0"/><object name="SceneObject212" template="wall_obj" prototype="0" scene="scene_10" sprite="wall_img" x="680" y="540" visible="0" depth="0" collision="0" parent="" direction="0" image_angle="0"/><object name="SceneObject213" template="wall_obj" prototype="0" scene="scene_10" sprite="wall_img" x="660" y="540" visible="0" depth="0" collision="0" parent="" direction="0" image_angle="0"/><object name="SceneObject214" template="wall_obj" prototype="0" scene="scene_10" sprite="wall_img" x="640" y="540" visible="0" depth="0" collision="0" parent="" direction="0" image_angle="0"/><object name="SceneObject215" template="wall_obj" prototype="0" scene="scene_10" sprite="wall_img" x="640" y="160" visible="0" depth="0" collision="0" parent="" direction="0" image_angle="0"/><object name="SceneObject216" template="wall_obj" prototype="0" scene="scene_10" sprite="wall_img" x="660" y="160" visible="0" depth="0" collision="0" parent="" direction="0" image_angle="0"/><object name="SceneObject217" template="wall_obj" prototype="0" scene="scene_10" sprite="wall_img" x="660" y="0" visible="0" depth="0" collision="0" parent="" direction="0" image_angle="0"/><object name="SceneObject218" template="wall_obj" prototype="0" scene="scene_10" sprite="wall_img" x="660" y="20" visible="0" depth="0" collision="0" parent="" direction="0" image_angle="0"/><object name="SceneObject219" template="wall_obj" prototype="0" scene="scene_10" sprite="wall_img" x="660" y="40" visible="0" depth="0" collision="0" parent="" direction="0" image_angle="0"/><object name="SceneObject220" template="wall_obj" prototype="0" scene="scene_10" sprite="wall_img" x="660" y="80" visible="0" depth="0" collision="0" parent="" direction="0" image_angle="0"/><object name="SceneObject221" template="wall_obj" prototype="0" scene="scene_10" sprite="wall_img" x="660" y="60" visible="0" depth="0" collision="0" parent="" direction="0" image_angle="0"/><object name="SceneObject222" template="wall_obj" prototype="0" scene="scene_10" sprite="wall_img" x="660" y="140" visible="0" depth="0" collision="0" parent="" direction="0" image_angle="0"/><object name="SceneObject223" template="wall_obj" prototype="0" scene="scene_10" sprite="wall_img" x="720" y="280" visible="0" depth="0" collision="0" parent="" direction="0" image_angle="0"/><object name="SceneObject224" template="wall_obj" prototype="0" scene="scene_10" sprite="wall_img" x="740" y="280" visible="0" depth="0" collision="0" parent="" direction="0" image_angle="0"/><object name="SceneObject225" template="wall_obj" prototype="0" scene="scene_10" sprite="wall_img" x="760" y="300" visible="0" depth="0" collision="0" parent="" direction="0" image_angle="0"/><object name="SceneObject226" template="wall_obj" prototype="0" scene="scene_10" sprite="wall_img" x="760" y="280" visible="0" depth="0" collision="0" parent="" direction="0" image_angle="0"/><object name="SceneObject227" template="wall_obj" prototype="0" scene="scene_10" sprite="wall_img" x="780" y="280" visible="0" depth="0" collision="0" parent="" direction="0" image_angle="0"/><object name="SceneObject228" template="wall_obj" prototype="0" scene="scene_10" sprite="wall_img" x="780" y="300" visible="0" depth="0" collision="0" parent="" direction="0" image_angle="0"/><object name="SceneObject229" template="wall_obj" prototype="0" scene="scene_10" sprite="wall_img" x="780" y="320" visible="0" depth="0" collision="0" parent="" direction="0" image_angle="0"/><object name="SceneObject230" template="wall_obj" prototype="0" scene="scene_10" sprite="wall_img" x="780" y="340" visible="0" depth="0" collision="0" parent="" direction="0" image_angle="0"/><object name="SceneObject231" template="wall_obj" prototype="0" scene="scene_10" sprite="wall_img" x="760" y="320" visible="0" depth="0" collision="0" parent="" direction="0" image_angle="0"/><object name="SceneObject232" template="wall_obj" prototype="0" scene="scene_10" sprite="wall_img" x="740" y="300" visible="0" depth="0" collision="0" parent="" direction="0" image_angle="0"/><object name="SceneObject233" template="wall_obj" prototype="0" scene="scene_10" sprite="wall_img" x="720" y="300" visible="0" depth="0" collision="0" parent="" direction="0" image_angle="0"/><object name="SceneObject234" template="wall_obj" prototype="0" scene="scene_10" sprite="wall_img" x="740" y="320" visible="0" depth="0" collision="0" parent="" direction="0" image_angle="0"/><object name="SceneObject235" template="wall_obj" prototype="0" scene="scene_10" sprite="wall_img" x="740" y="340" visible="0" depth="0" collision="0" parent="" direction="0" image_angle="0"/><object name="SceneObject236" template="wall_obj" prototype="0" scene="scene_10" sprite="wall_img" x="760" y="340" visible="0" depth="0" collision="0" parent="" direction="0" image_angle="0"/><object name="SceneObject237" template="wall_obj" prototype="0" scene="scene_10" sprite="wall_img" x="760" y="360" visible="0" depth="0" collision="0" parent="" direction="0" image_angle="0"/><object name="SceneObject238" template="wall_obj" prototype="0" scene="scene_10" sprite="wall_img" x="760" y="380" visible="0" depth="0" collision="0" parent="" direction="0" image_angle="0"/><object name="SceneObject239" template="wall_obj" prototype="0" scene="scene_10" sprite="wall_img" x="760" y="380" visible="0" depth="0" collision="0" parent="" direction="0" image_angle="0"/><object name="SceneObject240" template="wall_obj" prototype="0" scene="scene_10" sprite="wall_img" x="780" y="380" visible="0" depth="0" collision="0" parent="" direction="0" image_angle="0"/><object name="SceneObject241" template="wall_obj" prototype="0" scene="scene_10" sprite="wall_img" x="780" y="400" visible="0" depth="0" collision="0" parent="" direction="0" image_angle="0"/><object name="SceneObject242" template="wall_obj" prototype="0" scene="scene_10" sprite="wall_img" x="780" y="420" visible="0" depth="0" collision="0" parent="" direction="0" image_angle="0"/><object name="SceneObject243" template="wall_obj" prototype="0" scene="scene_10" sprite="wall_img" x="780" y="360" visible="0" depth="0" collision="0" parent="" direction="0" image_angle="0"/><object name="SceneObject244" template="wall_obj" prototype="0" scene="scene_10" sprite="wall_img" x="340" y="540" visible="0" depth="0" collision="0" parent="" direction="0" image_angle="0"/><object name="SceneObject245" template="wall_obj" prototype="0" scene="scene_10" sprite="wall_img" x="340" y="560" visible="0" depth="0" collision="0" parent="" direction="0" image_angle="0"/><object name="SceneObject246" template="wall_obj" prototype="0" scene="scene_10" sprite="wall_img" x="340" y="580" visible="0" depth="0" collision="0" parent="" direction="0" image_angle="0"/><object name="SceneObject247" template="wall_obj" prototype="0" scene="scene_10" sprite="wall_img" x="260" y="500" visible="0" depth="0" collision="0" parent="" direction="0" image_angle="0"/><object name="SceneObject248" template="wall_obj" prototype="0" scene="scene_10" sprite="wall_img" x="260" y="520" visible="0" depth="0" collision="0" parent="" direction="0" image_angle="0"/><object name="SceneObject249" template="wall_obj" prototype="0" scene="scene_10" sprite="wall_img" x="160" y="540" visible="0" depth="0" collision="0" parent="" direction="0" image_angle="0"/><object name="SceneObject250" template="wall_obj" prototype="0" scene="scene_10" sprite="wall_img" x="160" y="560" visible="0" depth="0" collision="0" parent="" direction="0" image_angle="0"/><object name="SceneObject251" template="wall_obj" prototype="0" scene="scene_10" sprite="wall_img" x="160" y="580" visible="0" depth="0" collision="0" parent="" direction="0" image_angle="0"/><object name="SceneObject252" template="wall_obj" prototype="0" scene="scene_10" sprite="wall_img" x="60" y="480" visible="0" depth="0" collision="0" parent="" direction="0" image_angle="0"/><object name="SceneObject253" template="wall_obj" prototype="0" scene="scene_10" sprite="wall_img" x="60" y="500" visible="0" depth="0" collision="0" parent="" direction="0" image_angle="0"/><object name="SceneObject254" template="wall_obj" prototype="0" scene="scene_10" sprite="wall_img" x="400" y="520" visible="0" depth="0" collision="0" parent="" direction="0" image_angle="0"/><object name="SceneObject255" template="wall_obj" prototype="0" scene="scene_10" sprite="wall_img" x="420" y="520" visible="0" depth="0" collision="0" parent="" direction="0" image_angle="0"/><object name="SceneObject256" template="wall_obj" prototype="0" scene="scene_10" sprite="wall_img" x="480" y="520" visible="0" depth="0" collision="0" parent="" direction="0" image_angle="0"/><object name="SceneObject257" template="wall_obj" prototype="0" scene="scene_10" sprite="wall_img" x="500" y="520" visible="0" depth="0" collision="0" parent="" direction="0" image_angle="0"/><object name="SceneObject258" template="wall_obj" prototype="0" scene="scene_10" sprite="wall_img" x="520" y="520" visible="0" depth="0" collision="0" parent="" direction="0" image_angle="0"/><object name="SceneObject262" template="wall_obj" prototype="0" scene="scene_10" sprite="wall_img" x="540" y="520" visible="0" depth="0" collision="0" parent="" direction="0" image_angle="0"/><object name="SceneObject263" template="wall_obj" prototype="0" scene="scene_10" sprite="wall_img" x="560" y="520" visible="0" depth="0" collision="0" parent="" direction="0" image_angle="0"/><object name="SceneObject264" template="wall_obj" prototype="0" scene="scene_10" sprite="wall_img" x="580" y="520" visible="0" depth="0" collision="0" parent="" direction="0" image_angle="0"/><object name="SceneObject265" template="wall_obj" prototype="0" scene="scene_10" sprite="wall_img" x="580" y="560" visible="0" depth="0" collision="0" parent="" direction="0" image_angle="0"/><object name="SceneObject266" template="wall_obj" prototype="0" scene="scene_10" sprite="wall_img" x="580" y="580" visible="0" depth="0" collision="0" parent="" direction="0" image_angle="0"/><object name="SceneObject267" template="wall_obj" prototype="0" scene="scene_10" sprite="wall_img" x="580" y="540" visible="0" depth="0" collision="0" parent="" direction="0" image_angle="0"/><object name="SceneObject268" template="enemy" prototype="0" scene="scene_10" sprite="enemy_look_left" x="560" y="560" visible="0" depth="0" collision="0" parent="" direction="0" image_angle="0"/><object name="SceneObject269" template="enemy" prototype="0" scene="scene_10" sprite="enemy_look_left" x="740" y="520" visible="0" depth="0" collision="0" parent="" direction="0" image_angle="0"/><object name="SceneObject270" template="enemy" prototype="0" scene="scene_10" sprite="enemy_look_left" x="700" y="20" visible="0" depth="0" collision="0" parent="" direction="0" image_angle="0"/><object name="SceneObject274" template="wall_obj" prototype="0" scene="scene_10" sprite="wall_img" x="60" y="520" visible="0" depth="0" collision="0" parent="" direction="0" image_angle="0"/><object name="SceneObject275" template="wall_obj" prototype="0" scene="scene_10" sprite="wall_img" x="60" y="540" visible="0" depth="0" collision="0" parent="" direction="0" image_angle="0"/><object name="SceneObject276" template="wall_obj" prototype="0" scene="scene_10" sprite="wall_img" x="60" y="420" visible="0" depth="0" collision="0" parent="" direction="0" image_angle="0"/><object name="SceneObject277" template="wall_obj" prototype="0" scene="scene_10" sprite="wall_img" x="40" y="420" visible="0" depth="0" collision="0" parent="" direction="0" image_angle="0"/><object name="SceneObject278" template="wall_obj" prototype="0" scene="scene_10" sprite="wall_img" x="120" y="420" visible="0" depth="0" collision="0" parent="" direction="0" image_angle="0"/><object name="SceneObject279" template="wall_obj" prototype="0" scene="scene_10" sprite="wall_img" x="100" y="420" visible="0" depth="0" collision="0" parent="" direction="0" image_angle="0"/><object name="SceneObject280" template="wall_obj" prototype="0" scene="scene_10" sprite="wall_img" x="180" y="360" visible="0" depth="0" collision="0" parent="" direction="0" image_angle="0"/><object name="SceneObject281" template="wall_obj" prototype="0" scene="scene_10" sprite="wall_img" x="160" y="360" visible="0" depth="0" collision="0" parent="" direction="0" image_angle="0"/><object name="SceneObject282" template="wall_obj" prototype="0" scene="scene_10" sprite="wall_img" x="240" y="360" visible="0" depth="0" collision="0" parent="" direction="0" image_angle="0"/><object name="SceneObject283" template="wall_obj" prototype="0" scene="scene_10" sprite="wall_img" x="260" y="360" visible="0" depth="0" collision="0" parent="" direction="0" image_angle="0"/><object name="SceneObject284" template="wall_obj" prototype="0" scene="scene_10" sprite="wall_img" x="40" y="180" visible="0" depth="0" collision="0" parent="" direction="0" image_angle="0"/><object name="SceneObject285" template="wall_obj" prototype="0" scene="scene_10" sprite="wall_img" x="120" y="40" visible="0" depth="0" collision="0" parent="" direction="0" image_angle="0"/><object name="SceneObject286" template="wall_obj" prototype="0" scene="scene_10" sprite="wall_img" x="120" y="20" visible="0" depth="0" collision="0" parent="" direction="0" image_angle="0"/><object name="SceneObject287" template="wall_obj" prototype="0" scene="scene_10" sprite="wall_img" x="120" y="0" visible="0" depth="0" collision="0" parent="" direction="0" image_angle="0"/><object name="SceneObject288" template="wall_obj" prototype="0" scene="scene_10" sprite="wall_img" x="520" y="160" visible="0" depth="0" collision="0" parent="" direction="0" image_angle="0"/><object name="SceneObject289" template="wall_obj" prototype="0" scene="scene_10" sprite="wall_img" x="540" y="160" visible="0" depth="0" collision="0" parent="" direction="0" image_angle="0"/><object name="SceneObject290" template="wall_obj" prototype="0" scene="scene_10" sprite="wall_img" x="680" y="80" visible="0" depth="0" collision="0" parent="" direction="0" image_angle="0"/><object name="SceneObject291" template="wall_obj" prototype="0" scene="scene_10" sprite="wall_img" x="700" y="80" visible="0" depth="0" collision="0" parent="" direction="0" image_angle="0"/><object name="SceneObject292" template="wall_obj" prototype="0" scene="scene_10" sprite="wall_img" x="720" y="80" visible="0" depth="0" collision="0" parent="" direction="0" image_angle="0"/><object name="SceneObject293" template="wall_obj" prototype="0" scene="scene_10" sprite="wall_img" x="660" y="220" visible="0" depth="0" collision="0" parent="" direction="0" image_angle="0"/><object name="SceneObject294" template="wall_obj" prototype="0" scene="scene_10" sprite="wall_img" x="640" y="220" visible="0" depth="0" collision="0" parent="" direction="0" image_angle="0"/><object name="SceneObject295" template="wall_obj" prototype="0" scene="scene_10" sprite="wall_img" x="480" y="460" visible="0" depth="0" collision="0" parent="" direction="0" image_angle="0"/><object name="SceneObject296" template="wall_obj" prototype="0" scene="scene_10" sprite="wall_img" x="460" y="460" visible="0" depth="0" collision="0" parent="" direction="0" image_angle="0"/><object name="SceneObject297" template="wall_obj" prototype="0" scene="scene_10" sprite="wall_img" x="440" y="460" visible="0" depth="0" collision="0" parent="" direction="0" image_angle="0"/><object name="gameovertext" template="" prototype="1" scene="" sprite="" x="0" y="0" visible="1" depth="0" collision="1" parent="" direction="0" image_angle="0"/><object name="wintext" template="" prototype="1" scene="" sprite="" x="0" y="0" visible="1" depth="0" collision="1" parent="" direction="0" image_angle="0"/><object name="SceneObject308" template="gameovertext" prototype="0" scene="gameover" sprite="" x="300" y="220" visible="0" depth="0" collision="0" parent="" direction="0" image_angle="0"/><object name="SceneObject309" template="wintext" prototype="0" scene="win" sprite="" x="300" y="200" visible="0" depth="0" collision="0" parent="" direction="0" image_angle="0"/></objects><scripts count="24"><script name="scr_14" object="soldier" event="Step" parameter="">
stepinc = 3

// move
if (this.active) {
	this.moving = false;
	if ( keyboard_check( vk_right )) {
		if (x &lt; room_width - 16)
		  x = x + stepinc;
		this.lookRight = true;
		this.moving = true;
	}

	if ( keyboard_check( vk_left )) {
		if ((x &gt; 5) || (y &gt; 160 &amp;&amp; y &lt; 240))
		  x = x - stepinc;
		this.lookRight = false;
		this.moving = true;
	}

	if ( keyboard_check( vk_up )) {
		if (y &gt; 5)
		  y = y - stepinc;
		this.moving = true;
		this.lookUp = true;
	}

	if ( keyboard_check( vk_down )) {
		if (y &lt; room_height - 16)
		  y = y + stepinc;
		this.moving = true;
		this.lookUp = false;
	}
	
}

if (this.moving) {
	if ( keyboard_check( vk_right ) ) this.shootDir[0] = 1;
	else if (keyboard_check( vk_left ) ) this.shootDir[0] = -1;
	else this.shootDir[0] = 0;
	
	if ( keyboard_check( vk_up ) ) this.shootDir[1] = -1;
	else if ( keyboard_check( vk_down ) ) this.shootDir[1] = 1;
	else this.shootDir[1] = 0;
	
	if ((this.shootDir[0] == 0) &amp;&amp; (this.shootDir[1] == 0)) this.shootDir = [1,0];
}

// shoot
if (this.active &amp;&amp; this.bulletCharge &lt;= 0) {
	if ( keyboard_check( vk_x ) ) {
		this.bulletCharge = 10;
		instance_create( x + this.shootDir[0] * 15, y + this.shootDir[1] * 15, bullet_obj, this.shootDir)
	}
}

if (this.active) {
	if (keyboard_check_pressed( vk_c ) &amp;&amp; !blockKeyC) {
		blockKeyC = true;
		soldierIndex++;
		if (soldierIndex &gt;= soldierList.length)
			soldierIndex = 0;
		this.active = false;
		soldierList[soldierIndex].active = true
	}
}

if (keyboard_check_released( vk_c ))
	blockKeyC = false

// sprite
if (this.lookRight) {
	if (this.moving)
		sprite_index = soldier_walk_rt;
	else
		sprite_index = soldier_look_rt;
} else {
	if (this.moving)
		sprite_index = soldier_walk_lt;
	else
		sprite_index = soldier_look_lt;

}</script><script name="scr_15" object="soldier" event="Creation" parameter="">image_speed = 0.3
this.active = false
this.lookRight = true;
this.moving = false;
this.lookUp = false;

this.shootDir = [ 1 , 0 ];
this.bulletCharge = 0

this.shootTimer = Math.floor(Math.random() * shootDelay)

if (soldierList.length == 0)
	this.active = true
soldierList.push(this)</script><script name="scr_17" object="bullet_obj" event="Step" parameter="">x = x + this.xinc
y = y + this.yinc

if (x &gt; room_width || x &lt; 0 || y &gt; room_width || y &lt; 0)
	instance_destroy();</script><script name="scr_18" object="bullet_obj" event="Creation" parameter="">this.moveSpeed = 10;
this.xinc = parameters[0][0] * this.moveSpeed;
this.yinc = parameters[0][1] * this.moveSpeed;</script><script name="scr_19" object="soldier" event="Step" parameter="">if (this.bulletCharge &gt; 0)
	this.bulletCharge = this.bulletCharge - 1
	
	// shoot to the closest soldier
if (!this.active) {
	if (this.shootTimer &gt; 0)
		this.shootTimer = this.shootTimer - 1;
	else {
		this.shootTimer = shootDelay
		shootSoldier(this.x, this.y)
	}
}</script><script name="scr_26" object="enemy" event="Collision" parameter="bullet_obj">instance_create(x,y,splash_obj)
instance_destroy()
other.instance_destroy()

enemy_count = enemy_count - 1</script><script name="scr_28" object="splash_obj" event="Creation" parameter="">this.graveTimer = 50</script><script name="scr_29" object="splash_obj" event="Step" parameter="">this.graveTimer = this.graveTimer - 1
if (this.graveTimer &lt;= 0) {
	instance_create(x,y,grave_obj)
	instance_destroy()
}</script><script name="scr_31" object="bullet_obj" event="Collision" parameter="grave_obj">instance_destroy()</script><script name="scr_32" object="soldier" event="Collision" parameter="bullet_obj">instance_create(x,y,splash_obj)
instance_destroy()
other.instance_destroy()

var thisIndex = soldierList.indexOf(this);
soldierList[soldierIndex].active = false;
if (soldierIndex &gt; thisIndex)
	soldierIndex = soldierIndex - 1;
if (soldierIndex &gt;= soldierList.length-1)
	soldierIndex = 0;

soldierList.splice(soldierList.indexOf(this),1)

if (soldierIndex &lt; soldierList.length)
	soldierList[soldierIndex].active = true;</script><script name="scr_33" object="soldier" event="Collision" parameter="grave_obj">x = xprevious
y = yprevious</script><script name="scr_34" object="enemy" event="Collision" parameter="grave_obj">x = xprevious
y = yprevious</script><script name="scr_37" object="wall_obj" event="Creation" parameter=""/><script name="scr_38" object="soldier" event="Collision" parameter="wall_obj">x = xprevious
y = yprevious</script><script name="scr_39" object="enemy" event="Collision" parameter="wall_obj">x = xprevious
y = yprevious</script><script name="scr_40" object="bullet_obj" event="Collision" parameter="wall_obj">instance_destroy()</script><script name="scr_51" object="soldier" event="Draw" parameter="">if (soldierList[soldierIndex] == this) {
	draw_sprite_ext(select_box, 0, this.x, this.y, this.image_xscale, this.image_yscale, this.image_angle, this.image_alpha);
}
draw_sprite_ext(this.sprite_index, this.image_index, this.x, this.y, this.image_xscale, this.image_yscale, this.image_angle, this.image_alpha);
</script><script name="scr_271" object="enemy" event="Step" parameter="">// shoot to the closest soldier

if (this.shootTimer &gt; 0)
	this.shootTimer = this.shootTimer - 1;
else {
	this.shootTimer = shootDelay
	shootSoldier(this.x, this.y)
}</script><script name="scr_272" object="enemy" event="Creation" parameter="">this.shootTimer = Math.floor(Math.random() * shootDelay)
this.moveDelay = 60
this.moveTimer = this.moveDelay
image_speed = 0.3

this.moveDir = [0,0]
x_saved = x
y_saved = y

enemy_count = enemy_count + 1</script><script name="" object="" event="" parameter=""/><script name="scr_298" object="soldier" event="Step" parameter="">if (mouse_check_pressed()) {
	if (mouse_x &gt;= x - 10 &amp;&amp; mouse_x &lt;= x + 10 &amp;&amp;
		mouse_y &gt;= y - 10 &amp;&amp; mouse_y &lt;= y + 10) {
		for (var i = 0; i &lt; soldierList.length; i++)
			if (soldierList[i] == this) {
				soldierList[soldierIndex].active = false;
				soldierIndex = i;
				this.active = true;
			}
		}
}</script><script name="scr_299" object="grave_obj" event="Creation" parameter="">if (enemy_count == 0) {
	room_goto(win);
}

if (soldierList.length == 0) {
	room_goto(gameover);
}</script><script name="scr_305" object="gameovertext" event="Draw" parameter="">draw_set_color(255,255,255);
draw_set_font("32px");
draw_text(100,200,"GAME OVER")</script><script name="scr_307" object="wintext" event="Draw" parameter="">draw_set_color(255,255,255);
draw_set_font("32px");
draw_text(100,200,"SUCCESS")</script></scripts><scenes count="3"><scene name="scene_10" width="800" height="600" speed="30" red="0" green="47" blue="28" background="" backgroundstretch="0" backgroundtilex="0" backgroundtiley="0" viewportwidth="800" viewportheight="600" viewportxborder="50" viewportyborder="50" viewportobject=""/><scene name="gameover" width="640" height="480" speed="30" red="0" green="0" blue="0" background="" backgroundstretch="0" backgroundtilex="0" backgroundtiley="0" viewportwidth="640" viewportheight="480" viewportxborder="50" viewportyborder="50" viewportobject="">draw_set_color(255, 255, 255)
draw_set_font("Helvetica sans 36px")
draw_text(100,200,"GAME OVER")</scene><scene name="win" width="640" height="480" speed="30" red="0" green="0" blue="0" background="" backgroundstretch="0" backgroundtilex="0" backgroundtiley="0" viewportwidth="640" viewportheight="480" viewportxborder="50" viewportyborder="50" viewportobject="">draw_set_font("Helvetica sans 36px")
draw_text(100,200,"SUCESS")</scene></scenes><layers count="3"><layer name="layer_11" scene="scene_10" value="1000000"/><layer name="layer_301" scene="gameover" value="1000000"/><layer name="layer_303" scene="win" value="1000000"/></layers><tiles count="0"/><fns count="0"/></tululoo>