<?xml version="1.0" encoding="UTF-8" standalone="no"?>
<scene depth="1" desc="" eventsnippetid="30" extheight="544" extwidth="6464" extx="-32" exty="-32" format="2.1" gravx="-0.0" gravy="85.0" height="480" id="1" name="CopyScene" revision="" savecount="0" tiled="1" tileh="32" tilew="32" type="standard" width="6400">
    <layers>
        <layer color="100,168,234" id="0" name="Layer 0" order="0"/>
    </layers>
    <grad-bg b1="148" b2="51" g1="74" g2="38" r1="0" r2="26"/>
    <backgrounds/>
    <foregrounds/>
    <joints/>
    <regions/>
    <terrainRegions/>
    <actors>
        <actor a="0.0" aid="1" c="false" group="0" id="1" name="protahagonist 1" sx="1.0" sy="1.0" x="2064" y="415" z="0"/>
        <actor a="0.0" aid="2" c="false" group="4" id="20" name="box1 2" sx="1.0" sy="1.0" x="1832" y="324" z="0"/>
        <actor a="0.0" aid="3" c="false" group="4" id="22" name="box2 3" sx="1.0" sy="1.0" x="2296" y="260" z="0"/>
        <actor a="0.0" aid="4" c="false" group="4" id="20" name="box1 4" sx="1.0" sy="1.0" x="2708" y="300" z="0"/>
        <actor a="0.0" aid="5" c="false" group="4" id="20" name="box1 5" sx="1.0" sy="1.0" x="3112" y="252" z="0"/>
        <actor a="0.0" aid="6" c="false" group="4" id="20" name="box1 6" sx="1.0" sy="1.0" x="3440" y="332" z="0"/>
        <actor a="0.0" aid="7" c="false" group="4" id="20" name="box1 7" sx="1.0" sy="1.0" x="1108" y="296" z="0"/>
        <actor a="0.0" aid="8" c="false" group="4" id="20" name="box1 8" sx="1.0" sy="1.0" x="1560" y="240" z="0"/>
        <actor a="0.0" aid="9" c="false" group="4" id="22" name="box2 9" sx="1.0" sy="1.0" x="1548" y="328" z="0"/>
        <actor a="0.0" aid="10" c="false" group="4" id="22" name="box2 10" sx="1.0" sy="1.0" x="1332" y="304" z="0"/>
        <actor a="0.0" aid="11" c="false" group="4" id="22" name="box2 11" sx="1.0" sy="1.0" x="716" y="236" z="0"/>
        <actor a="0.0" aid="12" c="false" group="4" id="22" name="box2 12" sx="1.0" sy="1.0" x="2720" y="176" z="0"/>
        <actor a="0.0" aid="13" c="false" group="4" id="24" name="box3 13" sx="1.0" sy="1.0" x="3688" y="276" z="0"/>
        <actor a="0.0" aid="14" c="false" group="4" id="24" name="box3 14" sx="1.0" sy="1.0" x="3724" y="272" z="0"/>
        <actor a="0.0" aid="15" c="false" group="4" id="24" name="box3 15" sx="1.0" sy="1.0" x="4760" y="280" z="0"/>
        <actor a="0.0" aid="17" c="false" group="4" id="24" name="box3 17" sx="1.0" sy="1.0" x="5264" y="396" z="0"/>
        <actor a="0.0" aid="16" c="false" group="4" id="24" name="box3 16" sx="1.0" sy="1.0" x="5224" y="400" z="0"/>
        <actor a="0.0" aid="19" c="false" group="4" id="24" name="box3 19" sx="1.0" sy="1.0" x="3144" y="376" z="0"/>
        <actor a="0.0" aid="18" c="false" group="4" id="24" name="box3 18" sx="1.0" sy="1.0" x="5408" y="268" z="0"/>
        <actor a="0.0" aid="21" c="false" group="4" id="24" name="box3 21" sx="1.0" sy="1.0" x="1900" y="248" z="0"/>
        <actor a="0.0" aid="20" c="false" group="4" id="24" name="box3 20" sx="1.0" sy="1.0" x="2508" y="276" z="0"/>
        <actor a="0.0" aid="23" c="false" group="4" id="24" name="box3 23" sx="1.0" sy="1.0" x="1052" y="236" z="0"/>
        <actor a="0.0" aid="22" c="false" group="4" id="24" name="box3 22" sx="1.0" sy="1.0" x="1784" y="228" z="0"/>
        <actor a="0.0" aid="25" c="false" group="4" id="24" name="box3 25" sx="1.0" sy="1.0" x="656" y="148" z="0"/>
        <actor a="0.0" aid="24" c="false" group="4" id="24" name="box3 24" sx="1.0" sy="1.0" x="924" y="232" z="0"/>
        <actor a="0.0" aid="27" c="false" group="4" id="26" name="box4 27" sx="1.0" sy="1.0" x="3912" y="280" z="0"/>
        <actor a="0.0" aid="26" c="false" group="4" id="24" name="box3 26" sx="1.0" sy="1.0" x="1220" y="232" z="0"/>
        <actor a="0.0" aid="29" c="false" group="4" id="26" name="box4 29" sx="1.0" sy="1.0" x="2600" y="292" z="0"/>
        <actor a="0.0" aid="28" c="false" group="4" id="26" name="box4 28" sx="1.0" sy="1.0" x="3580" y="236" z="0"/>
        <actor a="0.0" aid="31" c="false" group="4" id="26" name="box4 31" sx="1.0" sy="1.0" x="2180" y="232" z="0"/>
        <actor a="0.0" aid="30" c="false" group="4" id="26" name="box4 30" sx="1.0" sy="1.0" x="2524" y="244" z="0"/>
        <actor a="0.0" aid="34" c="false" group="4" id="26" name="box4 34" sx="1.0" sy="1.0" x="1452" y="224" z="0"/>
        <actor a="0.0" aid="35" c="false" group="4" id="26" name="box4 35" sx="1.0" sy="1.0" x="1348" y="236" z="0"/>
        <actor a="0.0" aid="32" c="false" group="4" id="26" name="box4 32" sx="1.0" sy="1.0" x="1984" y="300" z="0"/>
        <actor a="0.0" aid="33" c="false" group="4" id="26" name="box4 33" sx="1.0" sy="1.0" x="1736" y="296" z="0"/>
        <actor a="0.0" aid="38" c="false" group="4" id="26" name="box4 38" sx="1.0" sy="1.0" x="872" y="180" z="0"/>
        <actor a="0.0" aid="39" c="false" group="4" id="28" name="box5 39" sx="1.0" sy="1.0" x="5944" y="220" z="0"/>
        <actor a="0.0" aid="36" c="false" group="4" id="26" name="box4 36" sx="1.0" sy="1.0" x="1228" y="344" z="0"/>
        <actor a="0.0" aid="37" c="false" group="4" id="26" name="box4 37" sx="1.0" sy="1.0" x="1028" y="328" z="0"/>
        <actor a="0.0" aid="42" c="false" group="4" id="24" name="box3 42" sx="1.0" sy="1.0" x="4168" y="364" z="0"/>
        <actor a="0.0" aid="43" c="false" group="4" id="20" name="box1 43" sx="1.0" sy="1.0" x="4240" y="336" z="0"/>
        <actor a="0.0" aid="40" c="false" group="4" id="28" name="box5 40" sx="1.0" sy="1.0" x="132" y="188" z="0"/>
        <actor a="0.0" aid="41" c="false" group="4" id="28" name="box5 41" sx="1.0" sy="1.0" x="4324" y="268" z="0"/>
        <actor a="0.0" aid="46" c="false" group="4" id="26" name="box4 46" sx="1.0" sy="1.0" x="5964" y="124" z="0"/>
        <actor a="0.0" aid="47" c="false" group="4" id="26" name="box4 47" sx="1.0" sy="1.0" x="5972" y="148" z="0"/>
        <actor a="0.0" aid="44" c="false" group="4" id="24" name="box3 44" sx="1.0" sy="1.0" x="4244" y="308" z="0"/>
        <actor a="0.0" aid="45" c="false" group="4" id="24" name="box3 45" sx="1.0" sy="1.0" x="4276" y="308" z="0"/>
        <actor a="0.0" aid="51" c="false" group="4" id="22" name="box2 51" sx="1.0" sy="1.0" x="3268" y="238" z="0"/>
        <actor a="0.0" aid="50" c="false" group="4" id="22" name="box2 50" sx="1.0" sy="1.0" x="336" y="298" z="0"/>
        <actor a="0.0" aid="49" c="false" group="4" id="26" name="box4 49" sx="1.0" sy="1.0" x="6048" y="152" z="0"/>
        <actor a="0.0" aid="48" c="false" group="4" id="26" name="box4 48" sx="1.0" sy="1.0" x="6008" y="180" z="0"/>
        <actor a="0.0" aid="55" c="false" group="4" id="22" name="box2 55" sx="1.0" sy="1.0" x="4588" y="254" z="0"/>
        <actor a="0.0" aid="54" c="false" group="4" id="22" name="box2 54" sx="1.0" sy="1.0" x="4924" y="298" z="0"/>
        <actor a="0.0" aid="53" c="false" group="4" id="22" name="box2 53" sx="1.0" sy="1.0" x="4000" y="266" z="0"/>
        <actor a="0.0" aid="52" c="false" group="4" id="22" name="box2 52" sx="1.0" sy="1.0" x="3276" y="102" z="0"/>
        <actor a="0.0" aid="59" c="false" group="4" id="20" name="box1 59" sx="1.0" sy="1.0" x="6148" y="254" z="0"/>
        <actor a="0.0" aid="58" c="false" group="4" id="22" name="box2 58" sx="1.0" sy="1.0" x="6268" y="290" z="0"/>
        <actor a="0.0" aid="57" c="false" group="4" id="22" name="box2 57" sx="1.0" sy="1.0" x="5764" y="322" z="0"/>
        <actor a="0.0" aid="56" c="false" group="4" id="22" name="box2 56" sx="1.0" sy="1.0" x="5604" y="318" z="0"/>
        <actor a="0.0" aid="63" c="false" group="4" id="20" name="box1 63" sx="1.0" sy="1.0" x="504" y="266" z="0"/>
        <actor a="0.0" aid="62" c="false" group="4" id="20" name="box1 62" sx="1.0" sy="1.0" x="4396" y="174" z="0"/>
        <actor a="0.0" aid="61" c="false" group="4" id="20" name="box1 61" sx="1.0" sy="1.0" x="5120" y="286" z="0"/>
        <actor a="0.0" aid="60" c="false" group="4" id="20" name="box1 60" sx="1.0" sy="1.0" x="6292" y="218" z="0"/>
        <actor a="0.0" aid="68" c="false" group="4" id="24" name="box3 68" sx="1.0" sy="1.0" x="2976" y="270" z="0"/>
        <actor a="0.0" aid="69" c="false" group="4" id="24" name="box3 69" sx="1.0" sy="1.0" x="292" y="210" z="0"/>
        <actor a="0.0" aid="70" c="false" group="4" id="24" name="box3 70" sx="1.0" sy="1.0" x="324" y="270" z="0"/>
        <actor a="0.0" aid="71" c="false" group="4" id="24" name="box3 71" sx="1.0" sy="1.0" x="48" y="222" z="0"/>
        <actor a="0.0" aid="64" c="false" group="4" id="20" name="box1 64" sx="1.0" sy="1.0" x="372" y="218" z="0"/>
        <actor a="0.0" aid="65" c="false" group="4" id="20" name="box1 65" sx="1.0" sy="1.0" x="3940" y="258" z="0"/>
        <actor a="0.0" aid="66" c="false" group="4" id="24" name="box3 66" sx="1.0" sy="1.0" x="4948" y="218" z="0"/>
        <actor a="0.0" aid="67" c="false" group="4" id="24" name="box3 67" sx="1.0" sy="1.0" x="5796" y="234" z="0"/>
        <actor a="0.0" aid="76" c="false" group="4" id="26" name="box4 76" sx="1.0" sy="1.0" x="4632" y="170" z="0"/>
        <actor a="0.0" aid="77" c="false" group="4" id="26" name="box4 77" sx="1.0" sy="1.0" x="4156" y="250" z="0"/>
        <actor a="0.0" aid="78" c="false" group="4" id="26" name="box4 78" sx="1.0" sy="1.0" x="4196" y="230" z="0"/>
        <actor a="0.0" aid="79" c="false" group="4" id="26" name="box4 79" sx="1.0" sy="1.0" x="4272" y="234" z="0"/>
        <actor a="0.0" aid="72" c="false" group="4" id="24" name="box3 72" sx="1.0" sy="1.0" x="1572" y="170" z="0"/>
        <actor a="0.0" aid="73" c="false" group="4" id="24" name="box3 73" sx="1.0" sy="1.0" x="4040" y="170" z="0"/>
        <actor a="0.0" aid="74" c="false" group="4" id="26" name="box4 74" sx="1.0" sy="1.0" x="5144" y="226" z="0"/>
        <actor a="0.0" aid="75" c="false" group="4" id="26" name="box4 75" sx="1.0" sy="1.0" x="5096" y="226" z="0"/>
        <actor a="0.0" aid="85" c="false" group="4" id="26" name="box4 85" sx="1.0" sy="1.0" x="976" y="310" z="0"/>
        <actor a="0.0" aid="84" c="false" group="4" id="26" name="box4 84" sx="1.0" sy="1.0" x="64" y="322" z="0"/>
        <actor a="0.0" aid="87" c="false" group="4" id="26" name="box4 87" sx="1.0" sy="1.0" x="3028" y="306" z="0"/>
        <actor a="0.0" aid="86" c="false" group="4" id="26" name="box4 86" sx="1.0" sy="1.0" x="1488" y="278" z="0"/>
        <actor a="0.0" aid="81" c="false" group="4" id="26" name="box4 81" sx="1.0" sy="1.0" x="2876" y="198" z="0"/>
        <actor a="0.0" aid="80" c="false" group="4" id="26" name="box4 80" sx="1.0" sy="1.0" x="2908" y="226" z="0"/>
        <actor a="0.0" aid="83" c="false" group="4" id="26" name="box4 83" sx="1.0" sy="1.0" x="640" y="326" z="0"/>
        <actor a="0.0" aid="82" c="false" group="4" id="26" name="box4 82" sx="1.0" sy="1.0" x="2848" y="210" z="0"/>
        <actor a="0.0" aid="93" c="false" group="4" id="26" name="box4 93" sx="1.0" sy="1.0" x="4488" y="206" z="0"/>
        <actor a="0.0" aid="92" c="false" group="4" id="26" name="box4 92" sx="1.0" sy="1.0" x="4536" y="290" z="0"/>
        <actor a="0.0" aid="95" c="false" group="4" id="26" name="box4 95" sx="1.0" sy="1.0" x="5000" y="246" z="0"/>
        <actor a="0.0" aid="94" c="false" group="4" id="26" name="box4 94" sx="1.0" sy="1.0" x="4856" y="294" z="0"/>
        <actor a="0.0" aid="89" c="false" group="4" id="26" name="box4 89" sx="1.0" sy="1.0" x="3060" y="310" z="0"/>
        <actor a="0.0" aid="88" c="false" group="4" id="26" name="box4 88" sx="1.0" sy="1.0" x="3036" y="306" z="0"/>
        <actor a="0.0" aid="91" c="false" group="4" id="26" name="box4 91" sx="1.0" sy="1.0" x="3440" y="262" z="0"/>
        <actor a="0.0" aid="90" c="false" group="4" id="26" name="box4 90" sx="1.0" sy="1.0" x="3412" y="270" z="0"/>
        <actor a="0.0" aid="100" c="false" group="4" id="26" name="box4 100" sx="1.0" sy="1.0" x="6260" y="202" z="0"/>
        <actor a="0.0" aid="101" c="false" group="4" id="26" name="box4 101" sx="1.0" sy="1.0" x="6232" y="190" z="0"/>
        <actor a="0.0" aid="98" c="false" group="4" id="26" name="box4 98" sx="1.0" sy="1.0" x="5684" y="234" z="0"/>
        <actor a="0.0" aid="99" c="false" group="4" id="26" name="box4 99" sx="1.0" sy="1.0" x="5844" y="266" z="0"/>
        <actor a="0.0" aid="96" c="false" group="4" id="26" name="box4 96" sx="1.0" sy="1.0" x="5524" y="278" z="0"/>
        <actor a="0.0" aid="97" c="false" group="4" id="26" name="box4 97" sx="1.0" sy="1.0" x="5660" y="238" z="0"/>
    </actors>
    <snippets>
        <s enabled="true" id="38"/>
        <s enabled="true" id="36"/>
    </snippets>
    <terrain>
        <p pts="4,0.0,32.0,0.0,0.0,6400.0,0.0,6400.0,32.0" x="0.0" y="448.0"/>
    </terrain>
</scene>
