<?xml version="1.0" encoding="UTF-8" standalone="no"?>
<game accelFramerate="0" aheight="480" appName="My Game" appType="0" author="" authorURL="" awidth="640" backgroundColor="-15592942" barBackgroundColor="-12303292" barColor="-7829368" barHeight="8" barLocation="0" barOffsetX="0" barOffsetY="0" barWidth="120" borderColor="-12303292" borderThickness="2" bundleID="com.yourname.gamename" checksum="none" default="0" defaultFramerate="60" desc="Minigame for the October Jam'11" deviceOS="null" engine="0" format="1.0" gameid="-1" guide="false" height="480" kit="false" lockURL="" name="oktoberjam" orientation="0" projectType="web" scale="1.0" showAds="false" simulatorOS="null" splashStyle="0" thumbstickStyle="0" useGlossyIcon="false" width="640">
    <folders/>
    <packs/>
    <groups>
        <group desc="" id="4" name="Enemies"/>
    </groups>
    <cgroups>
        <cgroup g1="0" g2="4"/>
        <cgroup g1="1" g2="3"/>
        <cgroup g1="1" g2="4"/>
        <cgroup g1="4" g2="4"/>
    </cgroups>
    <input>
        <key id="0" keyname="UP" name="up" vk="38"/>
        <key id="1" keyname="DOWN" name="down" vk="40"/>
        <key id="2" keyname="LEFT" name="left" vk="37"/>
        <key id="3" keyname="RIGHT" name="right" vk="39"/>
        <key id="4" keyname="Z" name="action1" vk="90"/>
        <key id="5" keyname="X" name="action2" vk="88"/>
        <key id="6" keyname="ENTER" name="enter" vk="10"/>
        <key id="7" keyname="C" name="action3" vk="67"/>
    </input>
    <attcats>
        <cat id="0" name="GameState"/>
        <cat id="-1" name="Default"/>
    </attcats>
    <props/>
    <attributes>
        <number cid="0" id="0" name="PlayerX" save="true" value="0.0"/>
        <number cid="0" id="1" name="PlayerY" save="true" value="0.0"/>
    </attributes>
    <collisions>
        <poly id="1" name="Square" pts="0.0,0.0#0.0,1.0#1.0,1.0#1.0,0.0"/>
        <poly id="2" name="Tri 45R" pts="0.0,0.0#0.0,1.0#1.0,1.0"/>
        <poly id="3" name="Tri 45L" pts="1.0,0.0#0.0,1.0#1.0,1.0"/>
        <poly id="4" name="Tri 45R Inv" pts="0.0,0.0#0.0,1.0#1.0,0.0"/>
        <poly id="5" name="Tri 45L Inv" pts="0.0,0.0#1.0,1.0#1.0,0.0"/>
        <poly id="6" name="Tri 30R" pts="0.0,1.0#1.0,1.0#1.0,0.5"/>
        <poly id="7" name="Tri 30L" pts="0.0,0.5#0.0,1.0#1.0,1.0"/>
        <poly id="8" name="Tri 30-2R" pts="0.0,0.5#0.0,1.0#1.0,1.0#1.0,0.0"/>
        <poly id="9" name="Tri 30-2L" pts="0.0,0.0#0.0,1.0#1.0,1.0#1.0,0.5"/>
        <poly id="10" name="Tri 30R Inv" pts="0.0,0.0#1.0,0.5#1.0,0.0"/>
        <poly id="11" name="Tri 30L Inv" pts="0.0,0.0#0.0,0.5#1.0,0.0"/>
        <poly id="12" name="Tri 30-2R Inv" pts="0.0,0.0#0.0,0.5#1.0,1.0#1.0,0.0"/>
        <poly id="13" name="Tri 30-2L Inv" pts="0.0,0.0#0.0,1.0#1.0,0.5#1.0,0.0"/>
        <poly id="14" name="Tri 60R" pts="0.5,1.0#1.0,1.0#1.0,0.0"/>
        <poly id="15" name="Tri 60L" pts="0.0,0.0#0.0,1.0#0.5,1.0"/>
        <poly id="17" name="Tri 60-2L" pts="0.0,0.0#0.0,1.0#1.0,1.0#0.5,0.0"/>
        <poly id="16" name="Tri 60-2R" pts="0.5,0.0#0.0,1.0#1.0,1.0#1.0,0.0"/>
        <poly id="19" name="Tri 60L Inv" pts="0.0,0.0#0.0,1.0#0.5,0.0"/>
        <poly id="18" name="Tri 60R Inv" pts="0.5,0.0#1.0,1.0#1.0,0.0"/>
        <poly id="21" name="Tri 60-2L Inv" pts="0.0,0.0#0.0,1.0#0.5,1.0#1.0,0.0"/>
        <poly id="20" name="Tri 60-2R Inv" pts="0.0,0.0#0.5,1.0#1.0,1.0#1.0,0.0"/>
        <poly id="23" name="rt_20" pts="0.8,0.0#0.8,1.0#1.0,1.0#1.0,0.0"/>
        <poly id="22" name="dn_20" pts="0.0,0.8#0.0,1.0#1.0,1.0#1.0,0.8"/>
        <poly id="25" name="up_20" pts="0.0,0.0#0.0,0.2#1.0,0.2#1.0,0.0"/>
        <poly id="24" name="lt_20" pts="0.0,0.0#0.0,1.0#0.2,1.0#0.2,0.0"/>
        <poly id="27" name="cactus_top" pts="0.31,0.1#0.31,1.0#0.68,1.0#0.68,0.1"/>
        <poly id="26" name="up80" pts="0.0,0.0#0.0,0.8#1.0,0.8#1.0,0.0"/>
        <poly id="29" name="cliff_ritght" pts="0.0,0.0#0.0,0.8#1.0,0.2#1.0,0.0"/>
        <poly id="28" name="cactus_bottom" pts="0.31,0.0#0.31,0.8#0.68,0.8#0.68,0.0"/>
        <poly id="31" name="lt_50" pts="0.0,0.0#0.0,1.0#0.5,1.0#0.5,0.0"/>
        <poly id="30" name="cliff_left" pts="0.0,0.0#0.0,0.2#1.0,0.8#1.0,0.0"/>
        <poly id="34" name="lt_dn_50" pts="0.0,0.5#0.0,1.0#0.5,1.0#0.5,0.5"/>
        <poly id="35" name="lt_up_50" pts="0.0,0.0#0.0,0.5#0.5,0.5#0.5,0.0"/>
        <poly id="32" name="rt_50" pts="0.5,0.0#0.5,1.0#1.0,1.0#1.0,0.0"/>
        <poly id="33" name="rt_dn_50" pts="0.5,0.5#0.5,1.0#1.0,1.0#1.0,0.5"/>
        <poly id="38" name="rt50_dn20" pts="0.5,0.8#0.5,1.0#1.0,1.0#1.0,0.8"/>
        <poly id="36" name="rt_up_50" pts="0.5,0.0#0.5,0.5#1.0,0.5#1.0,0.0"/>
        <poly id="37" name="lt50_dn20" pts="0.0,0.8#0.0,1.0#0.5,1.0#0.5,0.8"/>
    </collisions>
    <atlases>
        <atlas id="0" members="1,3,0" name="Main Atlas (Default)" pvr="false" start="true"/>
        <atlas id="1" members="" name="Atlas 2" pvr="false" start="true"/>
        <atlas id="2" members="" name="Atlas 3" pvr="false" start="true"/>
        <atlas id="3" members="" name="Atlas 4" pvr="false" start="true"/>
        <atlas id="4" members="" name="Atlas 5" pvr="false" start="true"/>
        <atlas id="5" members="" name="Atlas 6" pvr="false" start="true"/>
        <atlas id="6" members="" name="Atlas 7" pvr="false" start="true"/>
        <atlas id="7" members="" name="Atlas 8" pvr="false" start="true"/>
        <atlas id="8" members="" name="Atlas 9" pvr="false" start="true"/>
        <atlas id="9" members="" name="Atlas 10" pvr="false" start="true"/>
        <atlas id="10" members="" name="Atlas 11" pvr="false" start="true"/>
        <atlas id="11" members="" name="Atlas 12" pvr="false" start="true"/>
        <atlas id="12" members="" name="Atlas 13" pvr="false" start="true"/>
        <atlas id="13" members="" name="Atlas 14" pvr="false" start="true"/>
        <atlas id="14" members="" name="Atlas 15" pvr="false" start="true"/>
        <atlas id="15" members="" name="Atlas 16" pvr="false" start="true"/>
    </atlases>
</game>
