<?xml version="1.0" encoding="UTF-8"?><tululoo version="129" uid="238" title="" advancedscriptmode="0" imgfolder="img" audfolder="aud"><functions>


function startAll() {
sound_loop(game_music);
if (true) {



function getZombies()
    {
// TODO
return [];
    }
    
      
function killedZombie(ebayData) {
  // TODO
}

allData = getZombies();
	var n = allData.length
	if (n &gt; 10) n = 10;
	if (n &lt; 3) n = 3;
	for (var i=0; i&lt;n;i++) {
		var zb = instance_create( Math.random() * room_width, Math.random() * room_height, zombieA);
		if (allData.length &gt; i)
			zb.ebayData = allData[i];
	}

	


}
}

// game music
setTimeout(startAll,500)</functions><variables>probSteer = 0.05
probFollow = 0.2</variables><comments/><sprites count="12"><sprite name="guy_walk_right" centerx="23" centery="18" collisionshape="Box" collisionradius="23" collisionleft="8" collisionright="40" collisiontop="0" collisionbottom="36"/><sprite name="guy_walk_up" centerx="23" centery="18" collisionshape="Box" collisionradius="23" collisionleft="8" collisionright="40" collisiontop="0" collisionbottom="36"/><sprite name="guy_walk_left" centerx="23" centery="18" collisionshape="Box" collisionradius="23" collisionleft="7" collisionright="38" collisiontop="0" collisionbottom="36"/><sprite name="guy_walk_down" centerx="23" centery="18" collisionshape="Box" collisionradius="23" collisionleft="8" collisionright="40" collisiontop="0" collisionbottom="36"/><sprite name="zombie_walk_down" centerx="23" centery="18" collisionshape="Box" collisionradius="23" collisionleft="8" collisionright="40" collisiontop="0" collisionbottom="36"/><sprite name="zombie_walk_right" centerx="23" centery="18" collisionshape="Box" collisionradius="23" collisionleft="8" collisionright="40" collisiontop="0" collisionbottom="36"/><sprite name="zombie_walk_up" centerx="23" centery="18" collisionshape="Box" collisionradius="23" collisionleft="8" collisionright="40" collisiontop="0" collisionbottom="36"/><sprite name="zombie_walk_left" centerx="23" centery="18" collisionshape="Box" collisionradius="23" collisionleft="8" collisionright="40" collisiontop="0" collisionbottom="36"/><sprite name="angry_aura" centerx="23" centery="30" collisionshape="Box" collisionradius="23" collisionleft="0" collisionright="46" collisiontop="0" collisionbottom="60"/><sprite name="guy_sitting" centerx="24" centery="18" collisionshape="Box" collisionradius="24" collisionleft="8" collisionright="40" collisiontop="0" collisionbottom="36"/><sprite name="zombie_udown" centerx="24" centery="18" collisionshape="Box" collisionradius="24" collisionleft="8" collisionright="40" collisiontop="0" collisionbottom="36"/><sprite name="puff" centerx="16" centery="16" collisionshape="Box" collisionradius="16" collisionleft="0" collisionright="32" collisiontop="0" collisionbottom="32"/></sprites><frames count="32"><frame file="8" sprite="guy_walk_right"/><frame file="11" sprite="guy_walk_right"/><frame file="14" sprite="guy_walk_right"/><frame file="11" sprite="guy_walk_up"/><frame file="14" sprite="guy_walk_up"/><frame file="17" sprite="guy_walk_up"/><frame file="14" sprite="guy_walk_left"/><frame file="17" sprite="guy_walk_left"/><frame file="20" sprite="guy_walk_left"/><frame file="0" sprite="guy_walk_down"/><frame file="1" sprite="guy_walk_down"/><frame file="2" sprite="guy_walk_down"/><frame file="0" sprite="zombie_walk_down"/><frame file="1" sprite="zombie_walk_down"/><frame file="2" sprite="zombie_walk_down"/><frame file="3" sprite="zombie_walk_right"/><frame file="4" sprite="zombie_walk_right"/><frame file="5" sprite="zombie_walk_right"/><frame file="6" sprite="zombie_walk_up"/><frame file="7" sprite="zombie_walk_up"/><frame file="8" sprite="zombie_walk_up"/><frame file="9" sprite="zombie_walk_left"/><frame file="10" sprite="zombie_walk_left"/><frame file="11" sprite="zombie_walk_left"/><frame file="0" sprite="angry_aura"/><frame file="1" sprite="angry_aura"/><frame file="0" sprite="guy_sitting"/><frame file="0" sprite="zombie_udown"/><frame file="3" sprite="puff"/><frame file="2" sprite="puff"/><frame file="1" sprite="puff"/><frame file="0" sprite="puff"/></frames><sounds count="0"/><musics count="1"><music name="game_music" wav="" mp3="Greko Sketch.mp3" ogg="Greko Sketch.ogg"/></musics><backgrounds count="1"><background name="background_231" file="farm_background.png" tile="0" tileheight="32" tilewidth="32" tilexoffset="0" tileyoffset="0" tilexspace="0" tileyspace="0"/></backgrounds><fonts count="0"/><objects count="7"><object name="guy" template="" prototype="1" scene="" sprite="guy_walk_down" x="0" y="0" visible="1" depth="0" collision="1" parent="" direction="0" image_angle="0"/><object name="SceneObject14" template="guy" prototype="0" scene="mainscene" sprite="guy_walk_down" x="300" y="200" visible="0" depth="0" collision="0" parent="" direction="0" image_angle="0"/><object name="zombieA" template="" prototype="1" scene="" sprite="zombie_walk_right" x="0" y="0" visible="1" depth="0" collision="1" parent="" direction="0" image_angle="0"/><object name="SceneObject24" template="zombieA" prototype="0" scene="mainscene" sprite="zombie_walk_right" x="240" y="80" visible="0" depth="0" collision="0" parent="" direction="0" image_angle="0"/><object name="SceneObject34" template="zombieA" prototype="0" scene="mainscene" sprite="zombie_walk_right" x="120" y="380" visible="0" depth="0" collision="0" parent="" direction="0" image_angle="0"/><object name="SceneObject35" template="zombieA" prototype="0" scene="mainscene" sprite="zombie_walk_right" x="460" y="380" visible="0" depth="0" collision="0" parent="" direction="0" image_angle="0"/><object name="SceneObject36" template="zombieA" prototype="0" scene="mainscene" sprite="zombie_walk_right" x="540" y="180" visible="0" depth="0" collision="0" parent="" direction="0" image_angle="0"/></objects><scripts count="17"><script name="scr_16" object="guy" event="Step" parameter="">
stepinc = 3

if (guy.pushedto) {
	sprite_index = guy_sitting;
} else {	
	image_speed = 0
	if ( keyboard_check( vk_right )) {
			x = x + stepinc;
			sprite_index = guy_walk_right;
			image_speed = 1
		}

	// WHEN THE LEFT ARROW IS PUSHED
	// MOVES THE PLAYER TO THE LEFT
	if ( keyboard_check( vk_left )) {
		x = x - stepinc;
		sprite_index = guy_walk_left;
		image_speed = 1
	}

	// WHEN THE UP ARROW IS PUSHED
	// MOVES THE PLAYER TO UP
	if ( keyboard_check( vk_up )) {
		y = y - stepinc;
		sprite_index = guy_walk_up
		image_speed = 1
	}

	// WHEN THE DOWN ARROW IS PUSHED
	// MOVES THE PLAYER TO DOWN
	if ( keyboard_check( vk_down )) {
		 y = y + stepinc;
		 sprite_index = guy_walk_down;
		 image_speed = 1
	}

}

if (x &gt; room_width)
	x = x - room_width;
	
if (x &lt; 0)
	x = x + room_width;

if (y &lt; 0)
	y = y + room_height;
	
if (y &gt; room_height)
   y = y - room_height;

// export own coordinates	
guy.x = x
guy.y = y
</script><script name="scr_27" object="zombieA" event="Step" parameter="">if ((!this.pushedto) &amp;&amp; this.hp &gt; 0) {
	if (this.dest) {
	  move_towards_point(this.x + this.dest[0], this.y + this.dest[1], 2);
	  if (Math.random() &lt; probSteer) {
		this.dest = [Math.random() * 10, Math.random() * 10]
		if (Math.random() &lt; probFollow)
			this.dest = false;
		}
	} else {
	  move_towards_point(guy.x, guy.y, 2)
	}

	if (Math.abs(x-xprevious) &gt; Math.abs(y-yprevious)) {
		if (xprevious &lt; x)
		  sprite_index = zombie_walk_right;
		if (xprevious &gt; x)
		  sprite_index = zombie_walk_left;
	} else {
		if (yprevious &lt; y)
		  sprite_index = zombie_walk_down;
		if (yprevious &gt; y)
		  sprite_index = zombie_walk_up;
	}
}

if (x &gt; room_width)
	x = x - room_width;
if (x &lt; 0)
	x = x + room_width;
if (y &lt; 0)
	y = y + room_height;
if (y &gt; room_height)
    y = y - room_height;
</script><script name="" object="" event="" parameter=""/><script name="" object="" event="" parameter=""/><script name="" object="" event="" parameter=""/><script name="" object="" event="" parameter=""/><script name="" object="" event="" parameter=""/><script name="" object="" event="" parameter=""/><script name="scr_32" object="guy" event="Collision" parameter="zombieA">if (!other.dest) {
	local__dx = this.x - other.x
	local__dy = this.y - other.y

	guy.pushedto = [ this.x + local__dx * 10, this.y + local__dy * 10, 10 ]
}
</script><script name="scr_33" object="guy" event="Step" parameter="">if (guy.pushedto) {
	move_towards_point(guy.pushedto[0], guy.pushedto[1], guy.pushedto[2])
	guy.pushedto[2] = guy.pushedto[2] * 0.92
	if (guy.pushedto[2] &lt; 0.1)
		guy.pushedto = false
}</script><script name="scr_37" object="zombieA" event="Collision" parameter="zombieA">if (this != other) {
	local__dx = this.x - other.x
	local__dy = this.y - other.y

	this.dest = [ local__dx, local__dy]
	other.dest = [ -local__dx, -local__dy]
}</script><script name="scr_38" object="zombieA" event="Creation" parameter="">this.dest = [Math.random() * 10, Math.random() * 10]
this.hpmax = 10
this.hp = this.hpmax</script><script name="scr_40" object="zombieA" event="Draw" parameter="">if (!this.dest) {
	draw_sprite_ext(angry_aura, this.image_index%2, this.x, this.y, this.image_xscale, this.image_yscale, this.image_angle, this.image_alpha);
}
draw_sprite_ext(this.sprite_index, this.image_index, this.x, this.y, this.image_xscale, this.image_yscale, this.image_angle, this.image_alpha);
draw_set_color(0,255,0);
draw_rectangle(this.x - 16, this.y - 32, this.x - 16 + 32 * (this.hp/this.hpmax), this.y - 30);</script><script name="scr_43" object="zombieA" event="Collision" parameter="guy">if (this.dest) {
	local__dx = this.x - other.x
	local__dy = this.y - other.y

	this.pushedto = [ this.x + local__dx * 10, this.y + local__dy * 10, 10 ]
	this.hp = this.hp - 3
	if (this.hp &lt;= 0) {
		this.hp = 0
		sprite_index = puff
	}
}</script><script name="scr_44" object="zombieA" event="Step" parameter="">if (this.pushedto &amp;&amp; this.hp &gt; 0) {
	move_towards_point(this.pushedto[0], this.pushedto[1], this.pushedto[2])
	this.pushedto[2] = this.pushedto[2] * 0.92
	if (this.pushedto[2] &lt; 0.1)
		this.pushedto = false
	sprite_index = zombie_udown
}</script><script name="scr_233" object="zombieA" event="Animation end" parameter="">if (sprite_index == puff) {
	if (this.hp &lt;= 0) {
		instance_destroy()
		//killed(this.ebayData)
	} else {
	}
}</script><script name="" object="" event="" parameter=""/></scripts><scenes count="1"><scene name="mainscene" width="640" height="480" speed="20" red="47" green="129" blue="54" background="background_231" backgroundstretch="1" backgroundtilex="0" backgroundtiley="0" viewportwidth="640" viewportheight="480" viewportxborder="50" viewportyborder="50" viewportobject=""/></scenes><layers count="1"><layer name="layer_13" scene="mainscene" value="1000000"/></layers><tiles count="0"/><fns count="0"/></tululoo>