<?xml version="1.0" encoding="UTF-8"?><tululoo version="129" uid="107" title="" advancedscriptmode="0" imgfolder="img" audfolder="aud"><functions/><variables>commercialEnabled = false;
isDead = false;</variables><comments/><sprites count="7"><sprite name="grannyLeft" centerx="0" centery="0" collisionshape="Box" collisionradius="8" collisionleft="3" collisionright="12" collisiontop="2" collisionbottom="15"/><sprite name="gravePic" centerx="0" centery="0" collisionshape="Box" collisionradius="8" collisionleft="3" collisionright="12" collisiontop="7" collisionbottom="16"/><sprite name="grannyRight" centerx="0" centery="0" collisionshape="Box" collisionradius="8" collisionleft="4" collisionright="13" collisiontop="2" collisionbottom="16"/><sprite name="benchPic" centerx="0" centery="0" collisionshape="Box" collisionradius="8" collisionleft="4" collisionright="14" collisiontop="6" collisionbottom="27"/><sprite name="benchSitPic" centerx="0" centery="0" collisionshape="Box" collisionradius="8" collisionleft="4" collisionright="14" collisiontop="6" collisionbottom="27"/><sprite name="grannyCuack" centerx="0" centery="0" collisionshape="Box" collisionradius="8" collisionleft="0" collisionright="16" collisiontop="0" collisionbottom="16"/><sprite name="exitArrow" centerx="0" centery="0" collisionshape="Box" collisionradius="8" collisionleft="0" collisionright="16" collisiontop="0" collisionbottom="16"/></sprites><frames count="7"><frame file="0" sprite="grannyLeft"/><frame file="0" sprite="gravePic"/><frame file="0" sprite="grannyRight"/><frame file="0" sprite="benchPic"/><frame file="0" sprite="benchSitPic"/><frame file="0" sprite="grannyCuack"/><frame file="0" sprite="exitArrow"/></frames><sounds count="2"><sound name="damusic" wav="" mp3="tinyfolk_fast.mp3" ogg="tinyfolk_fast.ogg"/><sound name="gaspSound" wav="" mp3="gasp.mp3" ogg="gasp.ogg"/></sounds><musics count="0"/><backgrounds count="0"/><fonts count="2"><font name="myfontbig" family="Sans" size="32" bold="0" italic="0"/><font name="myfontsmall" family="Sans" size="12" bold="0" italic="0"/></fonts><objects count="66"><object name="grannyActor" template="" prototype="1" scene="" sprite="grannyRight" x="0" y="0" visible="1" depth="0" collision="1" parent="" direction="0" image_angle="0"/><object name="SceneObject8" template="grannyActor" prototype="0" scene="mainScene" sprite="grannyRight" x="5" y="208" visible="0" depth="0" collision="0" parent="" direction="0" image_angle="0"/><object name="graveObj" template="" prototype="1" scene="" sprite="gravePic" x="0" y="0" visible="1" depth="0" collision="1" parent="" direction="0" image_angle="0"/><object name="SceneObject12" template="graveObj" prototype="0" scene="mainScene" sprite="gravePic" x="288" y="64" visible="0" depth="0" collision="0" parent="" direction="0" image_angle="0"/><object name="SceneObject13" template="graveObj" prototype="0" scene="mainScene" sprite="gravePic" x="464" y="128" visible="0" depth="0" collision="0" parent="" direction="0" image_angle="0"/><object name="SceneObject14" template="graveObj" prototype="0" scene="mainScene" sprite="gravePic" x="464" y="256" visible="0" depth="0" collision="0" parent="" direction="0" image_angle="0"/><object name="SceneObject15" template="graveObj" prototype="0" scene="mainScene" sprite="gravePic" x="368" y="320" visible="0" depth="0" collision="0" parent="" direction="0" image_angle="0"/><object name="SceneObject16" template="graveObj" prototype="0" scene="mainScene" sprite="gravePic" x="304" y="368" visible="0" depth="0" collision="0" parent="" direction="0" image_angle="0"/><object name="SceneObject17" template="graveObj" prototype="0" scene="mainScene" sprite="gravePic" x="96" y="400" visible="0" depth="0" collision="0" parent="" direction="0" image_angle="0"/><object name="SceneObject18" template="graveObj" prototype="0" scene="mainScene" sprite="gravePic" x="224" y="432" visible="0" depth="0" collision="0" parent="" direction="0" image_angle="0"/><object name="SceneObject19" template="graveObj" prototype="0" scene="mainScene" sprite="gravePic" x="160" y="336" visible="0" depth="0" collision="0" parent="" direction="0" image_angle="0"/><object name="SceneObject20" template="graveObj" prototype="0" scene="mainScene" sprite="gravePic" x="64" y="112" visible="0" depth="0" collision="0" parent="" direction="0" image_angle="0"/><object name="SceneObject21" template="graveObj" prototype="0" scene="mainScene" sprite="gravePic" x="192" y="64" visible="0" depth="0" collision="0" parent="" direction="0" image_angle="0"/><object name="SceneObject22" template="graveObj" prototype="0" scene="mainScene" sprite="gravePic" x="512" y="320" visible="0" depth="0" collision="0" parent="" direction="0" image_angle="0"/><object name="SceneObject23" template="graveObj" prototype="0" scene="mainScene" sprite="gravePic" x="416" y="416" visible="0" depth="0" collision="0" parent="" direction="0" image_angle="0"/><object name="SceneObject24" template="graveObj" prototype="0" scene="mainScene" sprite="gravePic" x="560" y="416" visible="0" depth="0" collision="0" parent="" direction="0" image_angle="0"/><object name="SceneObject25" template="graveObj" prototype="0" scene="mainScene" sprite="gravePic" x="592" y="96" visible="0" depth="0" collision="0" parent="" direction="0" image_angle="0"/><object name="SceneObject26" template="graveObj" prototype="0" scene="mainScene" sprite="gravePic" x="560" y="176" visible="0" depth="0" collision="0" parent="" direction="0" image_angle="0"/><object name="SceneObject27" template="graveObj" prototype="0" scene="mainScene" sprite="gravePic" x="432" y="32" visible="0" depth="0" collision="0" parent="" direction="0" image_angle="0"/><object name="SceneObject34" template="graveObj" prototype="0" scene="mainScene" sprite="gravePic" x="208" y="256" visible="0" depth="0" collision="0" parent="" direction="0" image_angle="0"/><object name="SceneObject35" template="graveObj" prototype="0" scene="mainScene" sprite="gravePic" x="80" y="40" visible="0" depth="0" collision="0" parent="" direction="0" image_angle="0"/><object name="SceneObject36" template="graveObj" prototype="0" scene="mainScene" sprite="gravePic" x="240" y="360" visible="0" depth="0" collision="0" parent="" direction="0" image_angle="0"/><object name="SceneObject37" template="graveObj" prototype="0" scene="mainScene" sprite="gravePic" x="560" y="260" visible="0" depth="0" collision="0" parent="" direction="0" image_angle="0"/><object name="SceneObject38" template="graveObj" prototype="0" scene="mainScene" sprite="gravePic" x="520" y="400" visible="0" depth="0" collision="0" parent="" direction="0" image_angle="0"/><object name="SceneObject39" template="graveObj" prototype="0" scene="mainScene" sprite="gravePic" x="340" y="440" visible="0" depth="0" collision="0" parent="" direction="0" image_angle="0"/><object name="SceneObject40" template="graveObj" prototype="0" scene="mainScene" sprite="gravePic" x="20" y="360" visible="0" depth="0" collision="0" parent="" direction="0" image_angle="0"/><object name="SceneObject41" template="graveObj" prototype="0" scene="mainScene" sprite="gravePic" x="180" y="400" visible="0" depth="0" collision="0" parent="" direction="0" image_angle="0"/><object name="SceneObject42" template="graveObj" prototype="0" scene="mainScene" sprite="gravePic" x="280" y="320" visible="0" depth="0" collision="0" parent="" direction="0" image_angle="0"/><object name="SceneObject43" template="graveObj" prototype="0" scene="mainScene" sprite="gravePic" x="380" y="260" visible="0" depth="0" collision="0" parent="" direction="0" image_angle="0"/><object name="SceneObject44" template="graveObj" prototype="0" scene="mainScene" sprite="gravePic" x="400" y="120" visible="0" depth="0" collision="0" parent="" direction="0" image_angle="0"/><object name="SceneObject45" template="graveObj" prototype="0" scene="mainScene" sprite="gravePic" x="180" y="120" visible="0" depth="0" collision="0" parent="" direction="0" image_angle="0"/><object name="SceneObject46" template="graveObj" prototype="0" scene="mainScene" sprite="gravePic" x="360" y="20" visible="0" depth="0" collision="0" parent="" direction="0" image_angle="0"/><object name="SceneObject47" template="graveObj" prototype="0" scene="mainScene" sprite="gravePic" x="500" y="60" visible="0" depth="0" collision="0" parent="" direction="0" image_angle="0"/><object name="SceneObject48" template="graveObj" prototype="0" scene="mainScene" sprite="gravePic" x="540" y="20" visible="0" depth="0" collision="0" parent="" direction="0" image_angle="0"/><object name="SceneObject49" template="graveObj" prototype="0" scene="mainScene" sprite="gravePic" x="580" y="40" visible="0" depth="0" collision="0" parent="" direction="0" image_angle="0"/><object name="SceneObject50" template="graveObj" prototype="0" scene="mainScene" sprite="gravePic" x="520" y="100" visible="0" depth="0" collision="0" parent="" direction="0" image_angle="0"/><object name="SceneObject51" template="graveObj" prototype="0" scene="mainScene" sprite="gravePic" x="360" y="405" visible="0" depth="0" collision="0" parent="" direction="0" image_angle="0"/><object name="SceneObject52" template="graveObj" prototype="0" scene="mainScene" sprite="gravePic" x="432" y="360" visible="0" depth="0" collision="0" parent="" direction="0" image_angle="0"/><object name="SceneObject53" template="graveObj" prototype="0" scene="mainScene" sprite="gravePic" x="522" y="441" visible="0" depth="0" collision="0" parent="" direction="0" image_angle="0"/><object name="SceneObject54" template="graveObj" prototype="0" scene="mainScene" sprite="gravePic" x="594" y="378" visible="0" depth="0" collision="0" parent="" direction="0" image_angle="0"/><object name="SceneObject55" template="graveObj" prototype="0" scene="mainScene" sprite="gravePic" x="36" y="423" visible="0" depth="0" collision="0" parent="" direction="0" image_angle="0"/><object name="SceneObject56" template="graveObj" prototype="0" scene="mainScene" sprite="gravePic" x="108" y="360" visible="0" depth="0" collision="0" parent="" direction="0" image_angle="0"/><object name="SceneObject57" template="graveObj" prototype="0" scene="mainScene" sprite="gravePic" x="36" y="144" visible="0" depth="0" collision="0" parent="" direction="0" image_angle="0"/><object name="SceneObject58" template="graveObj" prototype="0" scene="mainScene" sprite="gravePic" x="153" y="81" visible="0" depth="0" collision="0" parent="" direction="0" image_angle="0"/><object name="SceneObject59" template="graveObj" prototype="0" scene="mainScene" sprite="gravePic" x="297" y="117" visible="0" depth="0" collision="0" parent="" direction="0" image_angle="0"/><object name="SceneObject60" template="graveObj" prototype="0" scene="mainScene" sprite="gravePic" x="351" y="90" visible="0" depth="0" collision="0" parent="" direction="0" image_angle="0"/><object name="SceneObject61" template="graveObj" prototype="0" scene="mainScene" sprite="gravePic" x="396" y="45" visible="0" depth="0" collision="0" parent="" direction="0" image_angle="0"/><object name="SceneObject62" template="graveObj" prototype="0" scene="mainScene" sprite="gravePic" x="450" y="81" visible="0" depth="0" collision="0" parent="" direction="0" image_angle="0"/><object name="SceneObject63" template="graveObj" prototype="0" scene="mainScene" sprite="gravePic" x="504" y="27" visible="0" depth="0" collision="0" parent="" direction="0" image_angle="0"/><object name="SceneObject64" template="graveObj" prototype="0" scene="mainScene" sprite="gravePic" x="127" y="129" visible="0" depth="0" collision="0" parent="" direction="0" image_angle="0"/><object name="SceneObject65" template="graveObj" prototype="0" scene="mainScene" sprite="gravePic" x="247" y="89" visible="0" depth="0" collision="0" parent="" direction="0" image_angle="0"/><object name="SceneObject66" template="graveObj" prototype="0" scene="mainScene" sprite="gravePic" x="552" y="356" visible="0" depth="0" collision="0" parent="" direction="0" image_angle="0"/><object name="SceneObject67" template="graveObj" prototype="0" scene="mainScene" sprite="gravePic" x="49" y="268" visible="0" depth="0" collision="0" parent="" direction="0" image_angle="0"/><object name="SceneObject68" template="graveObj" prototype="0" scene="mainScene" sprite="gravePic" x="133" y="282" visible="0" depth="0" collision="0" parent="" direction="0" image_angle="0"/><object name="SceneObject69" template="graveObj" prototype="0" scene="mainScene" sprite="gravePic" x="238" y="28" visible="0" depth="0" collision="0" parent="" direction="0" image_angle="0"/><object name="SceneObject70" template="graveObj" prototype="0" scene="mainScene" sprite="gravePic" x="36" y="30" visible="0" depth="0" collision="0" parent="" direction="0" image_angle="0"/><object name="SceneObject71" template="graveObj" prototype="0" scene="mainScene" sprite="gravePic" x="472" y="416" visible="0" depth="0" collision="0" parent="" direction="0" image_angle="0"/><object name="SceneObject72" template="graveObj" prototype="0" scene="mainScene" sprite="gravePic" x="128" y="446" visible="0" depth="0" collision="0" parent="" direction="0" image_angle="0"/><object name="SceneObject73" template="graveObj" prototype="0" scene="mainScene" sprite="gravePic" x="315" y="276" visible="0" depth="0" collision="0" parent="" direction="0" image_angle="0"/><object name="benchObj" template="" prototype="1" scene="" sprite="benchPic" x="0" y="0" visible="1" depth="0" collision="1" parent="" direction="0" image_angle="0"/><object name="SceneObject79" template="benchObj" prototype="0" scene="mainScene" sprite="benchPic" x="529" y="193" visible="0" depth="0" collision="0" parent="" direction="0" image_angle="0"/><object name="creditsText" template="" prototype="1" scene="" sprite="" x="0" y="0" visible="1" depth="0" collision="1" parent="" direction="0" image_angle="0"/><object name="SceneObject94" template="creditsText" prototype="0" scene="credits" sprite="" x="313" y="229" visible="0" depth="0" collision="0" parent="" direction="0" image_angle="0"/><object name="beginText" template="" prototype="1" scene="" sprite="" x="0" y="0" visible="1" depth="0" collision="1" parent="" direction="0" image_angle="0"/><object name="SceneObject102" template="beginText" prototype="0" scene="startScene" sprite="" x="303" y="234" visible="0" depth="0" collision="0" parent="" direction="0" image_angle="0"/><object name="exitSign" template="" prototype="1" scene="" sprite="exitArrow" x="0" y="0" visible="1" depth="0" collision="1" parent="" direction="0" image_angle="0"/></objects><scripts count="16"><script name="scr_5" object="grannyActor" event="Step" parameter="">
// WHEN THE RIGHT ARROW IS PUSHED
// MOVES THE PLAYER TO THE RIGHT
if (visible &amp;&amp; this.moving) {
	if ( keyboard_check( vk_right )) {
		if (x &lt; room_width - 16)
		  x = x + 5;
		sprite_index = grannyRight;
	}

	// WHEN THE LEFT ARROW IS PUSHED
	// MOVES THE PLAYER TO THE LEFT
	if ( keyboard_check( vk_left )) {
		if ((x &gt; 5) || (y &gt; 160 &amp;&amp; y &lt; 240))
		  x = x - 5;
		sprite_index = grannyLeft;
		if (x &lt; -16)
			room_goto(credits);
	}

	// WHEN THE UP ARROW IS PUSHED
	// MOVES THE PLAYER TO UP
	if ( keyboard_check( vk_up )) {
		if (y &gt; 5)
		  y = y - 5;
	}

	// WHEN THE DOWN ARROW IS PUSHED
	// MOVES THE PLAYER TO DOWN
	if ( keyboard_check( vk_down )) {
		if (y &lt; room_height - 16)
		  y = y + 5;
	}
}</script><script name="scr_28" object="grannyActor" event="Collision" parameter="graveObj">x = xprevious;
y = yprevious;</script><script name="scr_78" object="benchObj" event="Collision" parameter="grannyActor">if (!this.alreadyActivated) {
	this.alreadyActivated = true;
	sound_play(damusic);
	this.timercount = 100;
	other.visible = false;
	sprite_index = benchSitPic;
	this.grannyRef = other;
}</script><script name="scr_80" object="benchObj" event="Creation" parameter="">this.timercount = 0;
this.deathcount = 0;
this.alreadyActivated = false;</script><script name="scr_81" object="grannyActor" event="Creation" parameter="">this.moving = true;</script><script name="" object="" event="" parameter=""/><script name="" object="" event="" parameter=""/><script name="" object="" event="" parameter=""/><script name="scr_85" object="benchObj" event="Step" parameter="">if (this.timercount &gt; 0) {
	this.timercount = this.timercount - 1;
	if (this.timercount == 0) {
		this.grannyRef.visible = true;
		this.grannyRef.x = 516;
		sprite_index = benchPic;
		exit_mark = instance_create( 3, 200, exitSign );
		
		if (commercialEnabled) {
			if (Math.random() &lt; 0.33) { // 33% chance to die
				sound_play(gaspSound);
				this.grannyRef.moving = false;
				this.grannyRef.sprite_index = grannyCuack;
				this.deathcount = 50;
				isDead = true;
			}
		} else {
			commercialEnabled = true;
		}
	}
}

if (this.deathcount &gt; 0) {
	this.deathcount--;
	if (this.deathcount == 0)
		room_goto(credits);
}</script><script name="scr_87" object="grannyActor" event="Collision" parameter="benchObj">if (other.alreadyActivated) {
	x = xprevious;
	y = yprevious;
}</script><script name="scr_93" object="creditsText" event="Draw" parameter="">draw_set_color(255,255,255);

if (this.counter &gt; 160 || !isDead) {
	draw_set_font(myfontbig);
	draw_text(200,200,"The end.");
} else {
	draw_set_font(myfontsmall);
	draw_text(120, 120, "based on 'The Graveyard' by Tale Of Tales");
	draw_text(120, 140, "music: 'In the Museum' by Tinyfolk (CC-BY-SA)");
	draw_text(120, 160, "sfx: 'Dying Rasp' by genelythgow (CC-0)");
	draw_text(120, 180, "coding: by Christiaan Janssen (GPLv3)");
	draw_text(120, 200, "soft: Tululoo Game Maker, The Gimp &amp; Audacity");
	draw_text(120, 260, "thank you for playing");
}</script><script name="scr_96" object="creditsText" event="Creation" parameter="">if (isDead)
	this.counter = 240;
else
	this.counter = 120;</script><script name="scr_99" object="creditsText" event="Step" parameter="">if (this.counter &gt; 0) {
	this.counter--;
	if (this.counter &lt;= 0)
		room_goto(startScene);
}</script><script name="scr_101" object="beginText" event="Draw" parameter="">draw_set_color(255,255,255);
draw_set_font(myfontbig);
draw_text(60,120,"The minimalistic graveyard");
draw_set_font(myfontsmall);
draw_text(120,200,"by Christiaan Janssen");
draw_text(120,220,"Berlin Mini Game Jam January 2013");
draw_text(180,280,"Click here to start");

if (commercialEnabled) {
	draw_text(120,240,"Commercial mode unlocked");
}</script><script name="scr_103" object="beginText" event="Step" parameter="">if (mouse_pressed)
	room_goto(mainScene);</script><script name="" object="" event="" parameter=""/></scripts><scenes count="3"><scene name="startScene" width="640" height="480" speed="30" red="0" green="0" blue="0" background="" backgroundstretch="0" backgroundtilex="0" backgroundtiley="0" viewportwidth="640" viewportheight="480" viewportxborder="50" viewportyborder="50" viewportobject=""/><scene name="mainScene" width="640" height="480" speed="30" red="0" green="0" blue="0" background="" backgroundstretch="0" backgroundtilex="0" backgroundtiley="0" viewportwidth="640" viewportheight="480" viewportxborder="50" viewportyborder="50" viewportobject=""/><scene name="credits" width="640" height="480" speed="30" red="0" green="0" blue="0" background="" backgroundstretch="0" backgroundtilex="0" backgroundtiley="0" viewportwidth="640" viewportheight="480" viewportxborder="50" viewportyborder="50" viewportobject=""/></scenes><layers count="3"><layer name="layer_7" scene="mainScene" value="1000000"/><layer name="layer_90" scene="credits" value="1000000"/><layer name="layer_98" scene="startScene" value="1000000"/></layers><tiles count="0"/><fns count="0"/></tululoo>