<?xml version="1.0" encoding="UTF-8" standalone="no"?>
<scene depth="2" desc="" format="1.0" gravx="-0.0" gravy="0.0" height="640" id="0" name="FirstMap" revision="" savecount="0" tiled="1" tileh="32" tilew="32" type="standard" width="2560">
    <layers>
        <layer color="0,0,255" id="1" name="Layer 1" order="2"/>
        <layer color="100,168,234" id="0" name="Layer 0" order="3"/>
    </layers>
    <color-bg blue="221" green="221" red="83"/>
    <backgrounds/>
    <foregrounds/>
    <joints/>
    <regions>
        <region b="64" g="64" h="26" id="0" name="Region 0" pts="4,28.0,0.0,28.0,26.0,0.0,26.0,0.0,0.0" r="64" type="box" w="28" x="181" y="95"/>
        <region b="64" g="64" h="27" id="1" name="Region 1" pts="4,27.0,0.0,27.0,27.0,0.0,27.0,0.0,0.0" r="64" type="box" w="27" x="195" y="45"/>
        <region b="64" g="64" h="28" id="2" name="Region 2" pts="4,30.0,0.0,30.0,28.0,0.0,28.0,0.0,0.0" r="64" type="box" w="30" x="461" y="348"/>
        <region b="64" g="64" h="30" id="3" name="Region 3" pts="4,29.0,0.0,29.0,30.0,0.0,30.0,0.0,0.0" r="64" type="box" w="29" x="479" y="299"/>
    </regions>
    <terrainRegions/>
    <actors>
        <actor a="0.0" aid="1" c="false" group="0" id="1" x="130" y="165" z="1"/>
        <actor a="0.0" aid="2" c="false" group="4" id="3" x="456" y="83" z="1"/>
        <actor a="0.0" aid="3" c="false" group="4" id="3" x="445" y="176" z="1"/>
        <actor a="0.0" aid="4" c="false" group="4" id="3" x="262" y="415" z="1"/>
    </actors>
    <snippets>
        <s enabled="true" id="1">
            <prop id="1" list="0" val="1"/>
            <prop id="2" list="0" val="false"/>
            <prop id="3" list="0" val="false"/>
            <prop id="4" list="0" val="0"/>
            <prop id="5" list="0" val="0.0"/>
        </s>
        <s enabled="true" id="2">
            <prop id="1" list="0" val="false"/>
            <prop id="2" list="1" val=""/>
        </s>
    </snippets>
    <terrain>
        <p pts="27,0.0,640.0,0.0,352.0,6.0,352.0,6.0,480.0,32.0,480.0,32.0,506.0,64.0,506.0,64.0,512.0,96.0,512.0,96.0,538.0,128.0,538.0,128.0,544.0,160.0,512.0,160.0,506.0,800.0,506.0,800.0,512.0,832.0,480.0,832.0,256.0,816.0,256.0,816.0,186.0,832.0,186.0,832.0,64.0,800.0,32.0,832.0,32.0,832.0,0.0,2560.0,0.0,2560.0,640.0" x="0.0" y="0.0"/>
        <p pts="14,192.0,32.0,160.0,32.0,160.0,90.0,128.0,90.0,96.0,70.0,96.0,6.0,0.0,6.0,0.0,0.0,672.0,0.0,672.0,6.0,256.0,6.0,256.0,70.0,224.0,90.0,192.0,90.0" x="32.0" y="0.0"/>
        <p pts="4,6.0,224.0,0.0,224.0,0.0,0.0,6.0,0.0" x="0.0" y="32.0"/>
        <p pts="18,672.0,32.0,704.0,64.0,736.0,32.0,736.0,102.0,704.0,122.0,704.0,128.0,672.0,128.0,672.0,90.0,512.0,90.0,512.0,32.0,480.0,32.0,480.0,90.0,32.0,90.0,0.0,70.0,0.0,0.0,32.0,32.0,32.0,26.0,672.0,26.0" x="0.0" y="256.0"/>
        <p pts="9,0.0,6.0,6.0,6.0,6.0,0.0,22.0,0.0,22.0,70.0,6.0,70.0,6.0,102.0,0.0,102.0,0.0,70.0" x="730.0" y="186.0"/>
        <p pts="4,64.0,0.0,64.0,6.0,0.0,6.0,0.0,0.0" x="736.0" y="32.0"/>
        <p pts="4,12.0,0.0,12.0,55.0,0.0,55.0,0.0,0.0" x="586.0" y="163.0"/>
        <p pts="3,32.0,0.0,0.0,32.0,0.0,0.0" x="0.0" y="0.0"/>
        <p pts="3,32.0,0.0,32.0,32.0,0.0,0.0" x="704.0" y="0.0"/>
    </terrain>
</scene>
