<?xml version="1.0" encoding="UTF-8" standalone="no"?>
<pack>
    <snippet class="scripts.Design_0_0_4WayMovement" desc="Allows the player to move in 4 directions: North, South, West,and  East&#10;Allows the player to move in 8 directions: North, South, West, East, NorthWest, NorthEast, SouthWest, SouthEast&#10;Allows the player to move isometrically." description="Allows the player to move in 4 directions: North, South, West,and  East&#10;Allows the player to move in 8 directions: North, South, West, East, NorthWest, NorthEast, SouthWest, SouthEast&#10;Allows the player to move isometrically." design="true" drawOrder="0" id="0" language="" name="Walk" oid="-1" package="scripts" scenespecific="false" shared="false" type="actor">
        <animation default="" desc="" dropdown="" fullname="Up Animation" hidden="false" id="1" name="animUp" order="17"/>
        <animation default="" desc="" dropdown="" fullname="Down Animation" hidden="false" id="2" name="animDown" order="19"/>
        <animation default="" desc="" dropdown="" fullname="Left Animation" hidden="false" id="3" name="animLeft" order="21"/>
        <animation default="" desc="" dropdown="" fullname="Right Animation" hidden="false" id="4" name="animRight" order="23"/>
        <control default="" desc="" dropdown="" fullname="Up Control" hidden="false" id="5" name="controlUp" order="12"/>
        <control default="" desc="" dropdown="" fullname="Down Control" hidden="false" id="6" name="controlDown" order="13"/>
        <control default="" desc="" dropdown="" fullname="Left Control" hidden="false" id="7" name="controlLeft" order="14"/>
        <control default="" desc="" dropdown="" fullname="Right Control" hidden="false" id="8" name="controlRight" order="15"/>
        <number default="0.0" desc="" dropdown="Up=1&#10;Down=2&#10;Left=3&#10;Right=4" fullname="Initial Direction" hidden="false" id="9" name="dir" order="7"/>
        <number default="50" desc="How fast it reaches top speed." dropdown="" fullname="Acceleration" hidden="false" id="10" name="accel" order="8"/>
        <number default="18" desc="The fastest it will move." dropdown="" fullname="Top Speed" hidden="false" id="11" name="topSpeed" order="10"/>
        <number default="0" desc="How quickly it loses speed when the key's let go." dropdown="" fullname="Slowdown Rate" hidden="false" id="12" name="decel" order="11"/>
        <animation default="" desc="" dropdown="" fullname="Up Animation (Idle)" hidden="false" id="13" name="ianimUp" order="16"/>
        <animation default="" desc="" dropdown="" fullname="Down Animation (Idle)" hidden="false" id="14" name="ianimDown" order="18"/>
        <actor default="thisactor" desc="" dropdown="" fullname="Actor" hidden="true" id="2147483647" name="actor" order="24"/>
        <animation default="" desc="" dropdown="" fullname="Left Animation (Idle)" hidden="false" id="15" name="ianimLeft" order="20"/>
        <boolean default="true" desc="Check this if you want this actor to be controlled by the player." dropdown="" fullname="Player Controlled?" hidden="false" id="17" name="player" order="4"/>
        <animation default="" desc="" dropdown="" fullname="Right Animation (Idle)" hidden="false" id="16" name="ianimRight" order="22"/>
        <boolean default="false" desc="" dropdown="" fullname="Pressed Right?" hidden="true" id="19" name="pressedRight" order="3"/>
        <boolean default="false" desc="" dropdown="" fullname="Pressed Left?" hidden="true" id="18" name="pressedLeft" order="2"/>
        <boolean default="false" desc="" dropdown="" fullname="Pressed Down?" hidden="true" id="21" name="pressedDown" order="1"/>
        <boolean default="false" desc="" dropdown="" fullname="Pressed Up?" hidden="true" id="20" name="pressedUp" order="0"/>
        <boolean default="false" desc="Check this if you want your character to move isometrically." dropdown="" fullname="Isometric Movement?" hidden="false" id="23" name="_IsometricMovement" order="5"/>
        <number default="0.03" desc="Speed below which we display the &quot;idle&quot; animation." dropdown="" fullname="Idle Threshold" hidden="false" id="22" name="idleSpeed" order="9"/>
        <boolean default="false" desc="Check this to allow 8-way movement.&#10;An actor cannot move both isometrically and 8 ways." dropdown="" fullname="8 Way Movement?" hidden="false" id="24" name="_8WayMovement" order="6"/>
        <blocks/>
        <events/>
    </snippet>
    <snippet class="scripts.Design_1_1_walkalive" desc="" description="" design="true" drawOrder="0" id="1" language="" name="walkalive" oid="-1" package="scripts" scenespecific="false" shared="false" type="actor">
        <boolean default="false" desc="" dropdown="" fullname="lookright" hidden="true" id="1" name="_lookright" order="1"/>
        <boolean default="false" desc="" dropdown="" fullname="standing" hidden="true" id="2" name="_standing" order="2"/>
        <number default="0" desc="" dropdown="" fullname="speed" hidden="false" id="3" name="_speed" order="3"/>
        <control default="" desc="" dropdown="" fullname="keyup" hidden="false" id="4" name="_keyup" order="4"/>
        <control default="" desc="" dropdown="" fullname="keyR" hidden="false" id="5" name="_keyR" order="5"/>
        <control default="" desc="" dropdown="" fullname="keyL" hidden="false" id="6" name="_keyL" order="6"/>
        <animation default="" desc="" dropdown="" fullname="idleL" hidden="false" id="7" name="_idleL" order="7"/>
        <animation default="" desc="" dropdown="" fullname="idleR" hidden="false" id="8" name="_idleR" order="8"/>
        <animation default="" desc="" dropdown="" fullname="walkR" hidden="false" id="9" name="_walkR" order="9"/>
        <animation default="" desc="" dropdown="" fullname="flyL" hidden="false" id="11" name="_flyL" order="10"/>
        <animation default="" desc="" dropdown="" fullname="flyR" hidden="false" id="12" name="_flyR" order="11"/>
        <number default="0" desc="" dropdown="" fullname="thres_horz" hidden="false" id="13" name="_threshorz" order="12"/>
        <animation default="" desc="" dropdown="" fullname="walkL" hidden="false" id="14" name="_walkL" order="13"/>
        <number default="0" desc="" dropdown="" fullname="jump_pow" hidden="false" id="15" name="_jumppow" order="14"/>
        <actor default="thisactor" desc="" dropdown="" fullname="Actor" hidden="true" id="2147483647" name="actor" order="0"/>
        <animation default="" desc="" dropdown="" fullname="dieL" hidden="false" id="17" name="_dieL" order="16"/>
        <number default="0" desc="" dropdown="" fullname="damp" hidden="false" id="16" name="_damp" order="15"/>
        <boolean default="true" desc="" dropdown="" fullname="user_control" hidden="true" id="19" name="_usercontrol" order="18"/>
        <animation default="" desc="" dropdown="" fullname="dieR" hidden="false" id="18" name="_dieR" order="17"/>
        <blocks/>
        <events/>
    </snippet>
    <snippet class="scripts.Design_2_2_CannotExitScreen" desc="Prevents the actor from going beyond the screen's bounds." description="Prevents the actor from going beyond the screen's bounds." design="true" drawOrder="0" id="2" language="" name="Cannot Exit Screen" oid="-1" package="" scenespecific="false" shared="false" type="actor">
        <actor default="thisactor" desc="" dropdown="" fullname="Actor" hidden="true" id="2147483647" name="actor" order="2147483647"/>
        <blocks/>
        <events/>
    </snippet>
    <snippet class="scripts.Design_4_4_8WayMovement" desc="Code designed to move the Player through User Input" description="Code designed to move the Player through User Input" design="true" drawOrder="0" id="4" language="" name="8 Way Movement" oid="-1" package="" scenespecific="false" shared="false" type="actor">
        <number default="0.0" desc="Speed at which the player moves at. Reccomended speed of 20." dropdown="" fullname="Speed" hidden="false" id="1" name="_Speed" order="1"/>
        <animation default="" desc="" dropdown="" fullname="Idle" hidden="false" id="2" name="_Idle" order="2"/>
        <animation default="" desc="Only required if you have turned 'Rotation?' on." dropdown="" fullname="Walking" hidden="false" id="3" name="_Walking" order="3"/>
        <boolean default="false" desc="" dropdown="" fullname="URDiagonal" hidden="true" id="4" name="_URDiagonal" order="4"/>
        <boolean default="false" desc="" dropdown="" fullname="ULDiagonal" hidden="true" id="5" name="_ULDiagonal" order="5"/>
        <boolean default="false" desc="" dropdown="" fullname="DRDiagonal" hidden="true" id="6" name="_DRDiagonal" order="6"/>
        <boolean default="false" desc="" dropdown="" fullname="DLDiagonal" hidden="true" id="7" name="_DLDiagonal" order="7"/>
        <boolean default="false" desc="" dropdown="" fullname="RightRelease" hidden="true" id="8" name="_RightRelease" order="8"/>
        <boolean default="false" desc="" dropdown="" fullname="LeftRelease" hidden="true" id="9" name="_LeftRelease" order="9"/>
        <boolean default="false" desc="" dropdown="" fullname="UpRelease" hidden="true" id="10" name="_UpRelease" order="10"/>
        <boolean default="false" desc="" dropdown="" fullname="DownRelease" hidden="true" id="11" name="_DownRelease" order="11"/>
        <boolean default="false" desc="" dropdown="" fullname="XDouble" hidden="true" id="12" name="_XDouble" order="12"/>
        <boolean default="false" desc="" dropdown="" fullname="YDouble" hidden="true" id="13" name="_YDouble" order="13"/>
        <control default="" desc="" dropdown="" fullname="LeftKey" hidden="false" id="14" name="_LeftKey" order="14"/>
        <control default="" desc="" dropdown="" fullname="RightKey" hidden="false" id="15" name="_RightKey" order="15"/>
        <actor default="thisactor" desc="" dropdown="" fullname="Actor" hidden="true" id="2147483647" name="actor" order="0"/>
        <control default="" desc="" dropdown="" fullname="DownKey" hidden="false" id="17" name="_DownKey" order="17"/>
        <control default="" desc="" dropdown="" fullname="UpKey" hidden="false" id="16" name="_UpKey" order="16"/>
        <boolean default="false" desc="If you tick this box the Player will be physically rotated when they move instead of using a different animation." dropdown="" fullname="Rotation?" hidden="false" id="19" name="_Rotation" order="19"/>
        <boolean default="false" desc="Set this if you want to limit the player to only 4 directions." dropdown="" fullname="4 Way Motion" hidden="true" id="18" name="_4WayMotion" order="18"/>
        <animation default="" desc="" dropdown="" fullname="Down" hidden="false" id="21" name="_Down" order="21"/>
        <animation default="" desc="These animations are only required if 'Rotation?' is off." dropdown="" fullname="Up" hidden="false" id="20" name="_Up" order="20"/>
        <animation default="" desc="" dropdown="" fullname="Right" hidden="false" id="23" name="_Right" order="23"/>
        <animation default="" desc="" dropdown="" fullname="Left" hidden="false" id="22" name="_Left" order="22"/>
        <animation default="" desc="" dropdown="" fullname="Up-Left" hidden="false" id="25" name="_UpLeft" order="24"/>
        <animation default="" desc="" dropdown="" fullname="Down-Left" hidden="false" id="27" name="_DownLeft" order="26"/>
        <animation default="" desc="" dropdown="" fullname="Up-Right" hidden="false" id="26" name="_UpRight" order="25"/>
        <animation default="" desc="" dropdown="" fullname="Down-Right" hidden="false" id="28" name="_DownRight" order="27"/>
        <blocks/>
        <events/>
    </snippet>
    <snippet class="scripts.Design_5_5" desc="" description="" design="true" drawOrder="0" id="5" language="" name="movedead" oid="-1" package="scripts" scenespecific="false" shared="false" type="actor">
        <number default="0.0" desc="" dropdown="" fullname="damp" hidden="false" id="16" name="_damp" order="15"/>
        <boolean default="false" desc="" dropdown="" fullname="lookright" hidden="true" id="1" name="_lookright" order="1"/>
        <boolean default="true" desc="" dropdown="" fullname="user_control" hidden="true" id="19" name="_usercontrol" order="18"/>
        <number default="0.0" desc="" dropdown="" fullname="speed" hidden="false" id="3" name="_speed" order="3"/>
        <control default="" desc="" dropdown="" fullname="keyup" hidden="false" id="4" name="_keyup" order="4"/>
        <control default="" desc="" dropdown="" fullname="keyR" hidden="false" id="5" name="_keyR" order="5"/>
        <control default="" desc="" dropdown="" fullname="keyL" hidden="false" id="6" name="_keyL" order="6"/>
        <animation default="" desc="" dropdown="" fullname="flyL" hidden="false" id="11" name="_flyL" order="10"/>
        <animation default="" desc="" dropdown="" fullname="flyR" hidden="false" id="12" name="_flyR" order="11"/>
        <actor default="thisactor" desc="" dropdown="" fullname="Actor" hidden="true" id="2147483647" name="actor" order="0"/>
        <number default="0" desc="" dropdown="" fullname="jump_pow" hidden="false" id="15" name="_jumppow" order="14"/>
        <blocks/>
        <events/>
    </snippet>
    <snippet class="scripts.Design_6_6_nextscene" desc="" description="" design="true" drawOrder="0" id="6" language="" name="nextscene" oid="-1" package="scripts" scenespecific="false" shared="false" type="scene">
        <scene default="" desc="" dropdown="" fullname="nextscene" hidden="false" id="1" name="_nextscene" order="0"/>
        <number default="0" desc="" dropdown="" fullname="portalx" hidden="false" id="2" name="_portalx" order="1"/>
        <number default="0" desc="" dropdown="" fullname="portaly" hidden="false" id="3" name="_portaly" order="2"/>
        <blocks/>
        <events/>
    </snippet>
</pack>
