<?xml version="1.0" encoding="UTF-8" standalone="no"?>
<scene depth="3" desc="" format="1.0" gravx="-0.0" gravy="0.0" height="960" id="0" name="MainScreen" revision="" savecount="0" tiled="1" tileh="32" tilew="32" type="standard" width="1280">
    <layers>
        <layer color="0,0,255" id="1" name="Layer 1" order="0"/>
        <layer color="0,255,0" id="2" name="Layer 2" order="1"/>
        <layer color="100,168,234" id="0" name="Layer 0" order="2"/>
    </layers>
    <color-bg blue="128" green="0" red="0"/>
    <backgrounds>
        <ref id="16"/>
        <ref id="27"/>
        <ref id="66"/>
    </backgrounds>
    <foregrounds/>
    <joints/>
    <regions/>
    <terrainRegions/>
    <actors>
        <actor a="0.0" aid="5" c="false" group="3" id="6" sx="1.0" sy="1.0" x="542" y="214" z="0"/>
        <actor a="0.0" aid="6" c="false" group="3" id="2" sx="1.0" sy="1.0" x="274" y="150" z="0"/>
        <actor a="0.0" aid="7" c="true" group="3" id="4" sx="1.0" sy="1.0" x="176" y="156" z="0">
            <snippets>
                <s enabled="true" id="5">
                    <prop id="1" list="0" val="384"/>
                    <prop id="2" list="0" val="48"/>
                    <prop id="2147483647" list="0" val="thisactor"/>
                </s>
            </snippets>
        </actor>
        <actor a="0.0" aid="8" c="true" group="3" id="4" sx="1.0" sy="1.0" x="171" y="249" z="0">
            <snippets>
                <s enabled="true" id="5">
                    <prop id="1" list="0" val="256"/>
                    <prop id="2" list="0" val="48"/>
                    <prop id="2147483647" list="0" val="thisactor"/>
                </s>
            </snippets>
        </actor>
        <actor a="0.0" aid="9" c="true" group="3" id="4" sx="1.0" sy="1.0" x="174" y="341" z="0">
            <snippets>
                <s enabled="true" id="5">
                    <prop id="1" list="0" val="128"/>
                    <prop id="2" list="0" val="48"/>
                    <prop id="2147483647" list="0" val="thisactor"/>
                </s>
            </snippets>
        </actor>
        <actor a="0.0" aid="10" c="true" group="3" id="4" sx="1.0" sy="1.0" x="10" y="220" z="0">
            <snippets>
                <s enabled="true" id="5">
                    <prop id="1" list="0" val="0"/>
                    <prop id="2" list="0" val="48"/>
                    <prop id="2147483647" list="0" val="thisactor"/>
                </s>
            </snippets>
        </actor>
        <actor a="0.0" aid="12" c="false" group="3" id="19" sx="1.0" sy="1.0" x="481" y="155" z="2"/>
        <actor a="0.0" aid="13" c="false" group="3" id="17" sx="1.0" sy="1.0" x="482" y="83" z="1"/>
        <actor a="0.0" aid="14" c="false" group="3" id="21" sx="1.0" sy="1.0" x="501" y="113" z="0"/>
        <actor a="0.0" aid="15" c="false" group="3" id="25" sx="1.0" sy="1.0" x="385" y="130" z="1"/>
        <actor a="0.0" aid="16" c="false" group="3" id="48" sx="1.0" sy="1.0" x="340" y="266" z="1"/>
        <actor a="0.0" aid="19" c="false" group="3" id="50" sx="1.0" sy="1.0" x="471" y="267" z="1"/>
        <actor a="0.0" aid="20" c="false" group="4" id="52" sx="1.0" sy="1.0" x="1" y="273" z="1"/>
    </actors>
    <snippets>
        <s enabled="true" id="34">
            <prop id="1" list="0" val="false"/>
            <prop id="2" list="0" val="false"/>
        </s>
        <s enabled="true" id="35">
            <prop id="1" list="0" val="0"/>
            <prop id="2" list="0" val="0"/>
        </s>
        <s enabled="true" id="36"/>
        <s enabled="true" id="23"/>
        <s enabled="true" id="22">
            <prop id="1" list="0" val="20"/>
        </s>
        <s enabled="true" id="10">
            <prop id="1" list="0" val="false"/>
            <prop id="2" list="0" val="0"/>
            <prop id="3" list="0" val="0"/>
            <prop id="4" list="0" val="0"/>
            <prop id="5" list="0" val="5"/>
            <prop id="6" list="0" val="0"/>
            <prop id="7" list="0" val="16"/>
            <prop id="8" list="0" val="19"/>
            <prop id="9" list="0" val="0"/>
            <prop id="10" list="0" val="0"/>
            <prop id="11" list="0" val="false"/>
            <prop id="12" list="0" val="false"/>
            <prop id="13" list="0" val="false"/>
        </s>
        <s enabled="true" id="15">
            <prop id="1" list="0" val="0"/>
            <prop id="2" list="0" val="0"/>
        </s>
    </snippets>
    <terrain/>
</scene>
