<?xml version="1.0" encoding="UTF-8" standalone="no"?>
<scene depth="1" desc="" format="1.0" gravx="-0.0" gravy="0.0" height="512" id="2" name="endScreen" revision="" savecount="0" tiled="1" tileh="32" tilew="32" type="standard" width="672">
    <layers>
        <layer color="100,168,234" id="0" name="Layer 0" order="0"/>
    </layers>
    <color-bg blue="255" green="255" red="255"/>
    <backgrounds/>
    <foregrounds/>
    <joints/>
    <regions/>
    <terrainRegions/>
    <actors>
        <actor a="0.0" aid="1" c="false" group="3" id="71" sx="1.0" sy="1.0" x="0" y="0" z="0"/>
    </actors>
    <snippets>
        <s enabled="true" id="21"/>
    </snippets>
    <terrain/>
</scene>
