<?xml version="1.0" encoding="UTF-8" standalone="no"?>
<scene depth="4" desc="" format="1.0" gravx="-0.0" gravy="0.0" height="800" id="3" name="startMenu" revision="" savecount="0" tiled="1" tileh="32" tilew="32" type="standard" width="960">
    <layers>
        <layer color="255,200,0" id="3" name="Layer 3" order="0"/>
        <layer color="0,255,0" id="2" name="Layer 2" order="1"/>
        <layer color="100,168,234" id="0" name="Layer 0" order="2"/>
        <layer color="0,0,255" id="1" name="Layer 1" order="3"/>
    </layers>
    <color-bg blue="255" green="255" red="255"/>
    <backgrounds/>
    <foregrounds/>
    <joints/>
    <regions/>
    <terrainRegions/>
    <actors>
        <actor a="0.0" aid="1" c="false" group="3" id="54" sx="1.0" sy="1.0" x="0" y="0" z="1"/>
        <actor a="0.0" aid="2" c="false" group="3" id="56" sx="1.0" sy="1.0" x="0" y="0" z="0"/>
        <actor a="0.0" aid="3" c="false" group="3" id="58" sx="1.0" sy="1.0" x="0" y="0" z="2"/>
        <actor a="0.0" aid="4" c="false" group="3" id="61" sx="1.0" sy="1.0" x="0" y="0" z="2"/>
        <actor a="0.0" aid="5" c="false" group="3" id="81" sx="1.0" sy="1.0" x="76" y="2" z="3"/>
    </actors>
    <snippets>
        <s enabled="true" id="27"/>
    </snippets>
    <terrain/>
</scene>
