<?xml version="1.0" encoding="UTF-8" standalone="no"?>
<pack>
    <sprite atlasID="0" default="0" desc="" height="32" id="4" name="enemi" shared="false" width="32">
        <anim across="2" down="1" durations="500,500" height="32" id="0" loop="true" name="look_right" numframes="2" originx="16" originy="16" width="64">
            <poly data="4,6,3,25,3,25,27,6,27" density="0.1" fric="0.2" gid="-1000" id="0" name="look_right" rest="0.0" sensor="false"/>
        </anim>
        <anim across="4" down="1" durations="100,100,100,100" height="32" id="1" loop="true" name="walk_right" numframes="4" originx="16" originy="16" width="128">
            <poly data="4,6,3,25,3,25,27,6,27" density="0.1" fric="0.2" gid="-1000" id="0" name="Box" rest="0.0" sensor="false"/>
        </anim>
        <anim across="2" down="1" durations="500,500" height="32" id="2" loop="true" name="look_left" numframes="2" originx="16" originy="16" width="64">
            <poly data="4,6,3,25,3,25,27,6,27" density="0.1" fric="0.2" gid="-1000" id="0" name="look_left" rest="0.0" sensor="false"/>
        </anim>
        <anim across="4" down="1" durations="100,100,100,100" height="32" id="3" loop="true" name="walk_left" numframes="4" originx="16" originy="16" width="128">
            <poly data="4,6,3,25,3,25,27,6,27" density="0.1" fric="0.2" gid="-1000" id="0" name="walk_left" rest="0.0" sensor="false"/>
        </anim>
        <anim across="2" down="1" durations="200,800" height="32" id="4" loop="false" name="punch_left" numframes="2" originx="16" originy="16" width="64">
            <poly data="4,0,3,25,3,25,27,0,27" density="0.1" fric="0.2" gid="-1000" id="0" name="punch_left" rest="0.0" sensor="false"/>
        </anim>
        <anim across="2" down="1" durations="200,800" height="32" id="5" loop="false" name="punch_right" numframes="2" originx="16" originy="16" width="64">
            <poly data="4,6,3,31,3,31,27,6,27" density="0.1" fric="0.2" gid="-1000" id="0" name="punch_right" rest="0.0" sensor="false"/>
        </anim>
    </sprite>
    <actor adamp="0.0" atlasID="0" bodytype="2" desc="" fixedrot="true" fric="0.2" gid="4" id="3" ignoreg="false" inertia="1.0" ldamp="0.0" lw="false" mass="1.0" name="enemi" oid="-1" rest="0.0" shared="false" sprite="4" static="false">
        <snippets>
            <s enabled="true" id="0">
                <prop id="1" list="0" val="walk_right"/>
                <prop id="2" list="0" val="walk_right"/>
                <prop id="3" list="0" val="walk_left"/>
                <prop id="4" list="0" val="walk_right"/>
                <prop id="5" list="0" val="No Control"/>
                <prop id="6" list="0" val="No Control"/>
                <prop id="7" list="0" val="No Control"/>
                <prop id="8" list="0" val="No Control"/>
                <prop id="9" list="0" val="4"/>
                <prop id="10" list="0" val="20.0"/>
                <prop id="11" list="0" val="1"/>
                <prop id="12" list="0" val="0"/>
                <prop id="13" list="0" val="look_right"/>
                <prop id="14" list="0" val="look_right"/>
                <prop id="2147483647" list="0" val="thisactor"/>
                <prop id="15" list="0" val="look_left"/>
                <prop id="17" list="0" val="false"/>
                <prop id="16" list="0" val="look_right"/>
                <prop id="19" list="0" val="false"/>
                <prop id="18" list="0" val="false"/>
                <prop id="21" list="0" val="false"/>
                <prop id="20" list="0" val="false"/>
                <prop id="23" list="0" val="false"/>
                <prop id="22" list="0" val="0.03"/>
                <prop id="25" list="0" val="look_left"/>
                <prop id="24" list="0" val="true"/>
                <prop id="27" list="0" val="look_right"/>
                <prop id="26" list="0" val="walk_left"/>
                <prop id="29" list="0" val="true"/>
                <prop id="28" list="0" val="walk_right"/>
            </s>
            <s enabled="true" id="4">
                <prop id="1" list="0" val="0"/>
                <prop id="2" list="0" val="35"/>
                <prop id="3" list="0" val="0"/>
                <prop id="4" list="0" val="false"/>
                <prop id="2147483647" list="0" val="thisactor"/>
            </s>
        </snippets>
    </actor>
    <tileset across="8" atlasID="0" desc="" down="29" id="0" name="mountains" oid="-1" shared="false" th="32" tw="32">
        <tile collision="-1" data="" durations="100" frames="0" id="0" order="-1"/>
        <tile collision="-1" data="" durations="100" frames="1" id="1" order="-1"/>
        <tile collision="-1" data="" durations="100" frames="2" id="2" order="-1"/>
        <tile collision="-1" data="" durations="100" frames="3" id="3" order="-1"/>
        <tile collision="-1" data="" durations="100" frames="4" id="4" order="-1"/>
        <tile collision="-1" data="" durations="100" frames="5" id="5" order="-1"/>
        <tile collision="-1" data="" durations="100" frames="6" id="6" order="-1"/>
        <tile collision="-1" data="" durations="100" frames="7" id="7" order="-1"/>
        <tile collision="-1" data="" durations="100" frames="8" id="8" order="-1"/>
        <tile collision="-1" data="" durations="100" frames="9" id="9" order="-1"/>
        <tile collision="-1" data="" durations="100" frames="10" id="10" order="-1"/>
        <tile collision="-1" data="" durations="100" frames="11" id="11" order="-1"/>
        <tile collision="-1" data="" durations="100" frames="12" id="12" order="-1"/>
        <tile collision="1" data="" durations="100" frames="13" id="13" order="-1"/>
        <tile collision="24" data="" durations="100" frames="14" id="14" order="-1"/>
        <tile collision="1" data="" durations="100" frames="15" id="15" order="-1"/>
        <tile collision="4" data="" durations="100" frames="16" id="16" order="-1"/>
        <tile collision="25" data="" durations="100" frames="17" id="17" order="-1"/>
        <tile collision="5" data="" durations="100" frames="18" id="18" order="-1"/>
        <tile collision="1" data="" durations="100" frames="19" id="19" order="-1"/>
        <tile collision="1" data="" durations="100" frames="20" id="20" order="-1"/>
        <tile collision="1" data="" durations="100" frames="21" id="21" order="-1"/>
        <tile collision="1" data="" durations="100" frames="22" id="22" order="-1"/>
        <tile collision="1" data="" durations="100" frames="23" id="23" order="-1"/>
        <tile collision="24" data="" durations="100" frames="24" id="24" order="-1"/>
        <tile collision="-1" data="" durations="100" frames="25" id="25" order="-1"/>
        <tile collision="23" data="" durations="100" frames="26" id="26" order="-1"/>
        <tile collision="1" data="" durations="100" frames="27" id="27" order="-1"/>
        <tile collision="1" data="" durations="100" frames="28" id="28" order="-1"/>
        <tile collision="1" data="" durations="100" frames="29" id="29" order="-1"/>
        <tile collision="1" data="" durations="100" frames="30" id="30" order="-1"/>
        <tile collision="1" data="" durations="100" frames="31" id="31" order="-1"/>
        <tile collision="2" data="" durations="100" frames="32" id="32" order="-1"/>
        <tile collision="22" data="" durations="100" frames="33" id="33" order="-1"/>
        <tile collision="3" data="" durations="100" frames="34" id="34" order="-1"/>
        <tile collision="1" data="" durations="100" frames="35" id="35" order="-1"/>
        <tile collision="-1" data="" durations="100" frames="36" id="36" order="-1"/>
        <tile collision="1" data="" durations="100" frames="37" id="37" order="-1"/>
        <tile collision="-1" data="" durations="100" frames="38" id="38" order="-1"/>
        <tile collision="1" data="" durations="100" frames="39" id="39" order="-1"/>
        <tile collision="1" data="" durations="100" frames="40" id="40" order="-1"/>
        <tile collision="1" data="" durations="100" frames="41" id="41" order="-1"/>
        <tile collision="1" data="" durations="100" frames="42" id="42" order="-1"/>
        <tile collision="1" data="" durations="100" frames="43" id="43" order="-1"/>
        <tile collision="-1" data="" durations="100" frames="44" id="44" order="-1"/>
        <tile collision="1" data="" durations="100" frames="45" id="45" order="-1"/>
        <tile collision="-1" data="" durations="100" frames="46" id="46" order="-1"/>
        <tile collision="1" data="" durations="100" frames="47" id="47" order="-1"/>
        <tile collision="30" data="" durations="100" frames="48" id="48" order="-1"/>
        <tile collision="26" data="" durations="100" frames="49" id="49" order="-1"/>
        <tile collision="29" data="" durations="100" frames="50" id="50" order="-1"/>
        <tile collision="1" data="" durations="100" frames="51" id="51" order="-1"/>
        <tile collision="-1" data="" durations="100" frames="52" id="52" order="-1"/>
        <tile collision="1" data="" durations="100" frames="53" id="53" order="-1"/>
        <tile collision="1" data="" durations="100" frames="54" id="54" order="-1"/>
        <tile collision="1" data="" durations="100" frames="55" id="55" order="-1"/>
        <tile collision="1" data="" durations="100" frames="56" id="56" order="-1"/>
        <tile collision="1" data="" durations="100" frames="57" id="57" order="-1"/>
        <tile collision="1" data="" durations="100" frames="58" id="58" order="-1"/>
        <tile collision="1" data="" durations="100" frames="59" id="59" order="-1"/>
        <tile collision="1" data="" durations="100" frames="60" id="60" order="-1"/>
        <tile collision="1" data="" durations="100" frames="61" id="61" order="-1"/>
        <tile collision="1" data="" durations="100" frames="62" id="62" order="-1"/>
        <tile collision="1" data="" durations="100" frames="63" id="63" order="-1"/>
        <tile collision="1" data="" durations="100" frames="64" id="64" order="-1"/>
        <tile collision="1" data="" durations="100" frames="65" id="65" order="-1"/>
        <tile collision="1" data="" durations="100" frames="66" id="66" order="-1"/>
        <tile collision="-1" data="" durations="100" frames="67" id="67" order="-1"/>
        <tile collision="1" data="" durations="100" frames="68" id="68" order="-1"/>
        <tile collision="1" data="" durations="100" frames="69" id="69" order="-1"/>
        <tile collision="1" data="" durations="100" frames="70" id="70" order="-1"/>
        <tile collision="1" data="" durations="100" frames="71" id="71" order="-1"/>
        <tile collision="37" data="" durations="100" frames="72" id="72" order="-1"/>
        <tile collision="-1" data="" durations="100" frames="73" id="73" order="-1"/>
        <tile collision="38" data="" durations="100" frames="74" id="74" order="-1"/>
        <tile collision="1" data="" durations="100" frames="75" id="75" order="-1"/>
        <tile collision="1" data="" durations="100" frames="76" id="76" order="-1"/>
        <tile collision="1" data="" durations="100" frames="77" id="77" order="-1"/>
        <tile collision="1" data="" durations="100" frames="78" id="78" order="-1"/>
        <tile collision="1" data="" durations="100" frames="79" id="79" order="-1"/>
        <tile collision="31" data="" durations="100" frames="80" id="80" order="-1"/>
        <tile collision="-1" data="" durations="100" frames="81" id="81" order="-1"/>
        <tile collision="32" data="" durations="100" frames="82" id="82" order="-1"/>
        <tile collision="1" data="" durations="100" frames="83" id="83" order="-1"/>
        <tile collision="1" data="" durations="100" frames="84" id="84" order="-1"/>
        <tile collision="1" data="" durations="100" frames="85" id="85" order="-1"/>
        <tile collision="1" data="" durations="100" frames="86" id="86" order="-1"/>
        <tile collision="1" data="" durations="100" frames="87" id="87" order="-1"/>
        <tile collision="-1" data="" durations="100" frames="88" id="88" order="-1"/>
        <tile collision="-1" data="" durations="100" frames="89" id="89" order="-1"/>
        <tile collision="-1" data="" durations="100" frames="90" id="90" order="-1"/>
        <tile collision="1" data="" durations="100" frames="91" id="91" order="-1"/>
        <tile collision="1" data="" durations="100" frames="92" id="92" order="-1"/>
        <tile collision="-1" data="" durations="100" frames="93" id="93" order="-1"/>
        <tile collision="1" data="" durations="100" frames="94" id="94" order="-1"/>
        <tile collision="1" data="" durations="100" frames="95" id="95" order="-1"/>
        <tile collision="1" data="" durations="100" frames="96" id="96" order="-1"/>
        <tile collision="1" data="" durations="100" frames="97" id="97" order="-1"/>
        <tile collision="1" data="" durations="100" frames="98" id="98" order="-1"/>
        <tile collision="1" data="" durations="100" frames="99" id="99" order="-1"/>
        <tile collision="1" data="" durations="100" frames="100" id="100" order="-1"/>
        <tile collision="1" data="" durations="100" frames="101" id="101" order="-1"/>
        <tile collision="1" data="" durations="100" frames="102" id="102" order="-1"/>
        <tile collision="1" data="" durations="100" frames="103" id="103" order="-1"/>
        <tile collision="1" data="" durations="100" frames="104" id="104" order="-1"/>
        <tile collision="1" data="" durations="100" frames="105" id="105" order="-1"/>
        <tile collision="1" data="" durations="100" frames="106" id="106" order="-1"/>
        <tile collision="27" data="" durations="100" frames="107" id="107" order="-1"/>
        <tile collision="1" data="" durations="100" frames="108" id="108" order="-1"/>
        <tile collision="1" data="" durations="100" frames="109" id="109" order="-1"/>
        <tile collision="1" data="" durations="100" frames="110" id="110" order="-1"/>
        <tile collision="1" data="" durations="100" frames="111" id="111" order="-1"/>
        <tile collision="1" data="" durations="100" frames="112" id="112" order="-1"/>
        <tile collision="1" data="" durations="100" frames="113" id="113" order="-1"/>
        <tile collision="1" data="" durations="100" frames="114" id="114" order="-1"/>
        <tile collision="28" data="" durations="100" frames="115" id="115" order="-1"/>
        <tile collision="1" data="" durations="100" frames="116" id="116" order="-1"/>
        <tile collision="1" data="" durations="100" frames="117" id="117" order="-1"/>
        <tile collision="1" data="" durations="100" frames="118" id="118" order="-1"/>
        <tile collision="1" data="" durations="100" frames="119" id="119" order="-1"/>
        <tile collision="1" data="" durations="100" frames="120" id="120" order="-1"/>
        <tile collision="1" data="" durations="100" frames="121" id="121" order="-1"/>
        <tile collision="1" data="" durations="100" frames="122" id="122" order="-1"/>
        <tile collision="1" data="" durations="100" frames="123" id="123" order="-1"/>
        <tile collision="1" data="" durations="100" frames="124" id="124" order="-1"/>
        <tile collision="1" data="" durations="100" frames="125" id="125" order="-1"/>
        <tile collision="1" data="" durations="100" frames="126" id="126" order="-1"/>
        <tile collision="1" data="" durations="100" frames="127" id="127" order="-1"/>
        <tile collision="1" data="" durations="100" frames="128" id="128" order="-1"/>
        <tile collision="1" data="" durations="100" frames="129" id="129" order="-1"/>
        <tile collision="1" data="" durations="100" frames="130" id="130" order="-1"/>
        <tile collision="1" data="" durations="100" frames="131" id="131" order="-1"/>
        <tile collision="1" data="" durations="100" frames="132" id="132" order="-1"/>
        <tile collision="1" data="" durations="100" frames="133" id="133" order="-1"/>
        <tile collision="1" data="" durations="100" frames="134" id="134" order="-1"/>
        <tile collision="1" data="" durations="100" frames="135" id="135" order="-1"/>
        <tile collision="1" data="" durations="100" frames="136" id="136" order="-1"/>
        <tile collision="1" data="" durations="100" frames="137" id="137" order="-1"/>
        <tile collision="1" data="" durations="100" frames="138" id="138" order="-1"/>
        <tile collision="1" data="" durations="100" frames="139" id="139" order="-1"/>
        <tile collision="1" data="" durations="100" frames="140" id="140" order="-1"/>
        <tile collision="1" data="" durations="100" frames="141" id="141" order="-1"/>
        <tile collision="1" data="" durations="100" frames="142" id="142" order="-1"/>
        <tile collision="1" data="" durations="100" frames="143" id="143" order="-1"/>
        <tile collision="1" data="" durations="100" frames="144" id="144" order="-1"/>
        <tile collision="1" data="" durations="100" frames="145" id="145" order="-1"/>
        <tile collision="1" data="" durations="100" frames="146" id="146" order="-1"/>
        <tile collision="1" data="" durations="100" frames="147" id="147" order="-1"/>
        <tile collision="1" data="" durations="100" frames="148" id="148" order="-1"/>
        <tile collision="1" data="" durations="100" frames="149" id="149" order="-1"/>
        <tile collision="1" data="" durations="100" frames="150" id="150" order="-1"/>
        <tile collision="1" data="" durations="100" frames="151" id="151" order="-1"/>
        <tile collision="1" data="" durations="100" frames="152" id="152" order="-1"/>
        <tile collision="1" data="" durations="100" frames="153" id="153" order="-1"/>
        <tile collision="1" data="" durations="100" frames="154" id="154" order="-1"/>
        <tile collision="1" data="" durations="100" frames="155" id="155" order="-1"/>
        <tile collision="1" data="" durations="100" frames="156" id="156" order="-1"/>
        <tile collision="1" data="" durations="100" frames="157" id="157" order="-1"/>
        <tile collision="1" data="" durations="100" frames="158" id="158" order="-1"/>
        <tile collision="1" data="" durations="100" frames="159" id="159" order="-1"/>
        <tile collision="1" data="" durations="100" frames="160" id="160" order="-1"/>
        <tile collision="1" data="" durations="100" frames="161" id="161" order="-1"/>
        <tile collision="1" data="" durations="100" frames="162" id="162" order="-1"/>
        <tile collision="1" data="" durations="100" frames="163" id="163" order="-1"/>
        <tile collision="1" data="" durations="100" frames="164" id="164" order="-1"/>
        <tile collision="1" data="" durations="100" frames="165" id="165" order="-1"/>
        <tile collision="1" data="" durations="100" frames="166" id="166" order="-1"/>
        <tile collision="1" data="" durations="100" frames="167" id="167" order="-1"/>
        <tile collision="1" data="" durations="100" frames="168" id="168" order="-1"/>
        <tile collision="1" data="" durations="100" frames="169" id="169" order="-1"/>
        <tile collision="1" data="" durations="100" frames="170" id="170" order="-1"/>
        <tile collision="1" data="" durations="100" frames="171" id="171" order="-1"/>
        <tile collision="1" data="" durations="100" frames="172" id="172" order="-1"/>
        <tile collision="1" data="" durations="100" frames="173" id="173" order="-1"/>
        <tile collision="1" data="" durations="100" frames="174" id="174" order="-1"/>
        <tile collision="1" data="" durations="100" frames="175" id="175" order="-1"/>
        <tile collision="1" data="" durations="100" frames="176" id="176" order="-1"/>
        <tile collision="1" data="" durations="100" frames="177" id="177" order="-1"/>
        <tile collision="1" data="" durations="100" frames="178" id="178" order="-1"/>
        <tile collision="1" data="" durations="100" frames="179" id="179" order="-1"/>
        <tile collision="1" data="" durations="100" frames="180" id="180" order="-1"/>
        <tile collision="1" data="" durations="100" frames="181" id="181" order="-1"/>
        <tile collision="1" data="" durations="100" frames="182" id="182" order="-1"/>
        <tile collision="1" data="" durations="100" frames="183" id="183" order="-1"/>
        <tile collision="1" data="" durations="100" frames="184" id="184" order="-1"/>
        <tile collision="1" data="" durations="100" frames="185" id="185" order="-1"/>
        <tile collision="1" data="" durations="100" frames="186" id="186" order="-1"/>
        <tile collision="1" data="" durations="100" frames="187" id="187" order="-1"/>
        <tile collision="1" data="" durations="100" frames="188" id="188" order="-1"/>
        <tile collision="1" data="" durations="100" frames="189" id="189" order="-1"/>
        <tile collision="1" data="" durations="100" frames="190" id="190" order="-1"/>
        <tile collision="1" data="" durations="100" frames="191" id="191" order="-1"/>
        <tile collision="1" data="" durations="100" frames="192" id="192" order="-1"/>
        <tile collision="1" data="" durations="100" frames="193" id="193" order="-1"/>
        <tile collision="1" data="" durations="100" frames="194" id="194" order="-1"/>
        <tile collision="1" data="" durations="100" frames="195" id="195" order="-1"/>
        <tile collision="1" data="" durations="100" frames="196" id="196" order="-1"/>
        <tile collision="1" data="" durations="100" frames="197" id="197" order="-1"/>
        <tile collision="1" data="" durations="100" frames="198" id="198" order="-1"/>
        <tile collision="1" data="" durations="100" frames="199" id="199" order="-1"/>
        <tile collision="1" data="" durations="100" frames="200" id="200" order="-1"/>
        <tile collision="1" data="" durations="100" frames="201" id="201" order="-1"/>
        <tile collision="1" data="" durations="100" frames="202" id="202" order="-1"/>
        <tile collision="1" data="" durations="100" frames="203" id="203" order="-1"/>
        <tile collision="1" data="" durations="100" frames="204" id="204" order="-1"/>
        <tile collision="1" data="" durations="100" frames="205" id="205" order="-1"/>
        <tile collision="1" data="" durations="100" frames="206" id="206" order="-1"/>
        <tile collision="1" data="" durations="100" frames="207" id="207" order="-1"/>
        <tile collision="1" data="" durations="100" frames="208" id="208" order="-1"/>
        <tile collision="1" data="" durations="100" frames="209" id="209" order="-1"/>
        <tile collision="1" data="" durations="100" frames="210" id="210" order="-1"/>
        <tile collision="1" data="" durations="100" frames="211" id="211" order="-1"/>
        <tile collision="1" data="" durations="100" frames="212" id="212" order="-1"/>
        <tile collision="1" data="" durations="100" frames="213" id="213" order="-1"/>
        <tile collision="1" data="" durations="100" frames="214" id="214" order="-1"/>
        <tile collision="1" data="" durations="100" frames="215" id="215" order="-1"/>
        <tile collision="1" data="" durations="100" frames="216" id="216" order="-1"/>
        <tile collision="1" data="" durations="100" frames="217" id="217" order="-1"/>
        <tile collision="1" data="" durations="100" frames="218" id="218" order="-1"/>
        <tile collision="1" data="" durations="100" frames="219" id="219" order="-1"/>
        <tile collision="1" data="" durations="100" frames="220" id="220" order="-1"/>
        <tile collision="1" data="" durations="100" frames="221" id="221" order="-1"/>
        <tile collision="1" data="" durations="100" frames="222" id="222" order="-1"/>
        <tile collision="1" data="" durations="100" frames="223" id="223" order="-1"/>
        <tile collision="1" data="" durations="100" frames="224" id="224" order="-1"/>
        <tile collision="1" data="" durations="100" frames="225" id="225" order="-1"/>
        <tile collision="1" data="" durations="100" frames="226" id="226" order="-1"/>
        <tile collision="1" data="" durations="100" frames="227" id="227" order="-1"/>
        <tile collision="1" data="" durations="100" frames="228" id="228" order="-1"/>
        <tile collision="1" data="" durations="100" frames="229" id="229" order="-1"/>
        <tile collision="1" data="" durations="100" frames="230" id="230" order="-1"/>
        <tile collision="1" data="" durations="100" frames="231" id="231" order="-1"/>
    </tileset>
    <sprite atlasID="0" default="0" desc="" height="32" id="2" name="prota" shared="false" width="32">
        <anim across="2" down="1" durations="500,500" height="32" id="0" loop="true" name="standing_right" numframes="2" originx="16" originy="16" width="64">
            <poly data="4,6,3,25,3,25,27,6,27" density="0.1" fric="0.2" gid="-1000" id="0" name="default" rest="0.0" sensor="false"/>
        </anim>
        <anim across="2" down="1" durations="500,500" height="32" id="1" loop="true" name="standing_left" numframes="2" originx="16" originy="16" width="64">
            <poly data="4,6,3,25,3,25,27,6,27" density="0.1" fric="0.2" gid="-1000" id="0" name="Animation 1" rest="0.0" sensor="false"/>
        </anim>
        <anim across="4" down="1" durations="100,100,100,100" height="32" id="2" loop="true" name="walk_left" numframes="4" originx="16" originy="16" width="128">
            <poly data="4,6,3,25,3,25,27,6,27" density="0.1" fric="0.2" gid="-1000" id="0" name="walk_left" rest="0.0" sensor="false"/>
        </anim>
        <anim across="4" down="1" durations="100,100,100,100" height="32" id="3" loop="true" name="walk_right" numframes="4" originx="16" originy="16" width="128">
            <poly data="4,6,3,25,3,25,27,6,27" density="0.1" fric="0.2" gid="-1000" id="0" name="walk_right" rest="0.0" sensor="false"/>
        </anim>
        <anim across="2" down="1" durations="200,800" height="32" id="4" loop="false" name="punch_right" numframes="2" originx="16" originy="16" width="64">
            <poly data="4,6,3,31,3,31,27,6,27" density="0.1" fric="0.2" gid="-1000" id="0" name="punch_right" rest="0.0" sensor="false"/>
        </anim>
        <anim across="2" down="1" durations="200,800" height="32" id="5" loop="false" name="punch_left" numframes="2" originx="16" originy="16" width="64">
            <poly data="4,0,3,25,3,25,27,0,27" density="0.1" fric="0.2" gid="-1000" id="0" name="punch_left" rest="0.0" sensor="false"/>
        </anim>
    </sprite>
    <actor adamp="0.0" atlasID="0" bodytype="2" desc="" fixedrot="true" fric="0.2" gid="0" id="1" ignoreg="true" inertia="1.0" ldamp="0.0" lw="false" mass="1.0" name="prota" oid="-1" rest="0.0" shared="false" sprite="2" static="false">
        <snippets>
            <s enabled="true" id="0">
                <prop id="1" list="0" val="walk_right"/>
                <prop id="2" list="0" val="walk_right"/>
                <prop id="3" list="0" val="walk_left"/>
                <prop id="4" list="0" val="walk_right"/>
                <prop id="5" list="0" val="up"/>
                <prop id="6" list="0" val="down"/>
                <prop id="7" list="0" val="left"/>
                <prop id="8" list="0" val="right"/>
                <prop id="9" list="0" val="4"/>
                <prop id="10" list="0" val="50.0"/>
                <prop id="11" list="0" val="18"/>
                <prop id="12" list="0" val="0"/>
                <prop id="13" list="0" val="standing_right"/>
                <prop id="14" list="0" val="standing_right"/>
                <prop id="2147483647" list="0" val="thisactor"/>
                <prop id="15" list="0" val="standing_left"/>
                <prop id="17" list="0" val="true"/>
                <prop id="16" list="0" val="standing_right"/>
                <prop id="19" list="0" val="false"/>
                <prop id="18" list="0" val="false"/>
                <prop id="21" list="0" val="false"/>
                <prop id="20" list="0" val="false"/>
                <prop id="23" list="0" val="false"/>
                <prop id="22" list="0" val="0.03"/>
                <prop id="25" list="0" val="standing_left"/>
                <prop id="24" list="0" val="true"/>
                <prop id="27" list="0" val="standing_left"/>
                <prop id="26" list="0" val="walk_left"/>
                <prop id="29" list="0" val="true"/>
                <prop id="28" list="0" val="walk_left"/>
            </s>
            <s enabled="true" id="3">
                <prop id="1" list="0" val=""/>
                <prop id="2" list="0" val=""/>
                <prop id="3" list="0" val=""/>
                <prop id="4" list="0" val=""/>
                <prop id="5" list="0" val="action1"/>
                <prop id="6" list="0" val="No Control"/>
                <prop id="7" list="0" val="No Control"/>
                <prop id="8" list="0" val="No Control"/>
                <prop id="9" list="0" val="4"/>
                <prop id="10" list="0" val="50.0"/>
                <prop id="11" list="0" val="18"/>
                <prop id="12" list="0" val="0"/>
                <prop id="13" list="0" val="punch_right"/>
                <prop id="14" list="0" val=""/>
                <prop id="2147483647" list="0" val="thisactor"/>
                <prop id="15" list="0" val=""/>
                <prop id="17" list="0" val="true"/>
                <prop id="16" list="0" val=""/>
                <prop id="19" list="0" val="false"/>
                <prop id="18" list="0" val="false"/>
                <prop id="21" list="0" val="false"/>
                <prop id="20" list="0" val="false"/>
                <prop id="23" list="0" val="false"/>
                <prop id="22" list="0" val="0.03"/>
                <prop id="25" list="0" val="punch_left"/>
                <prop id="24" list="0" val="false"/>
                <prop id="27" list="0" val=""/>
                <prop id="26" list="0" val=""/>
                <prop id="29" list="0" val="true"/>
                <prop id="28" list="0" val=""/>
                <prop id="31" list="0" val="10"/>
                <prop id="30" list="0" val="false"/>
                <prop id="32" list="0" val="false"/>
            </s>
            <s enabled="true" id="6">
                <prop id="2147483647" list="0" val="thisactor"/>
            </s>
        </snippets>
    </actor>
</pack>
