<?xml version="1.0" encoding="UTF-8" standalone="no"?>
<pack>
    <sprite atlasID="0" default="0" desc="" height="20" id="12" name="blueSpot" shared="false" width="20">
        <anim across="1" atlasID="-1" down="1" durations="100" height="20" id="0" loop="true" name="Animation 0" numframes="1" originx="10" originy="10" width="20">
            <poly data="4,0,0,20,0,20,20,0,20" density="0.1" fric="0.2" gid="-1000" id="0" name="Animation 0" rest="0.0" sensor="true"/>
        </anim>
        <anim across="1" atlasID="-1" down="1" durations="100" height="20" id="1" loop="true" name="touched" numframes="1" originx="10" originy="10" width="20">
            <poly data="4,0,0,20,0,20,20,0,20" density="0.1" fric="0.2" gid="-1000" id="0" name="touched" rest="0.0" sensor="true"/>
        </anim>
    </sprite>
    <actor adamp="0.0" ascale="true" atlasID="0" bodytype="2" continuous="true" desc="" fixedrot="false" fric="0.2" gid="3" id="11" ignoreg="false" inertia="1.0" ldamp="0.0" lw="false" mass="1.0" name="BlueSpot" oid="-1" pausable="true" rest="0.0" shared="false" sprite="12" static="false" touchable="true">
        <snippets>
            <s enabled="true" id="10">
                <prop id="1" list="0" val="false"/>
                <prop id="2" list="0" val="touched"/>
                <prop id="3" list="0" val="Animation 0"/>
                <prop id="4" list="0" val="1"/>
                <prop id="5" list="0" val="false"/>
                <prop id="2147483647" list="0" val="thisactor"/>
            </s>
        </snippets>
    </actor>
    <sprite atlasID="0" default="1" desc="" height="85" id="14" name="GreenBox" shared="false" width="85">
        <anim across="1" atlasID="-1" down="1" durations="100" height="85" id="0" loop="true" name="Touched" numframes="1" originx="42" originy="42" width="85">
            <poly data="4,0,0,85,0,85,85,0,85" density="0.1" fric="0.2" gid="-1000" id="0" name="Animation 0" rest="0.0" sensor="true"/>
        </anim>
        <anim across="1" atlasID="-1" down="1" durations="100" height="85" id="1" loop="true" name="BasicState" numframes="1" originx="42" originy="42" width="85">
            <poly data="4,0,0,85,0,85,85,0,85" density="0.1" fric="0.2" gid="-1000" id="0" name="Animation 1" rest="0.0" sensor="true"/>
        </anim>
    </sprite>
    <actor adamp="0.0" ascale="true" atlasID="0" bodytype="2" continuous="true" desc="" fixedrot="false" fric="0.2" gid="3" id="13" ignoreg="false" inertia="1.0" ldamp="0.0" lw="false" mass="1.0" name="GreenBox" oid="-1" pausable="true" rest="0.0" shared="false" sprite="14" static="false" touchable="true">
        <snippets>
            <s enabled="true" id="10">
                <prop id="1" list="0" val="false"/>
                <prop id="2" list="0" val="Touched"/>
                <prop id="3" list="0" val="BasicState"/>
                <prop id="4" list="0" val="2"/>
                <prop id="5" list="0" val="true"/>
                <prop id="2147483647" list="0" val="thisactor"/>
            </s>
        </snippets>
    </actor>
    <font alphabet=" !&quot;#$%&amp;'()*+,-./0123456789:;&lt;=&gt;?@ABCDEFGHIJKLMNOPQRSTUVWXYZ[\]^_`abcdefghijklmnopqrstuvwxyz{|}~ ¡¢£¤¥¦§¨©ª«¬­®¯°±²³´µ¶·¸¹º»¼½¾¿ÀÁÂÃÄÅÆÇÈÉÊËÌÍÎÏÐÑÒÓÔÕÖ×ØÙÚÛÜÝÞßàáâãäåæçèéêëìíîïðñòóôõö÷øùúûüýþÿĀāĂăĄąĆćĈĉĊċČčĎďĐđĒēĔĕĖėĘęĚěĜĝĞğĠġĢģĤĥĦħĨĩĪīĬĭĮįİıĲĳĴĵĶķĸĹĺĻļĽľĿŀŁłŃńŅņŇňŉŊŋŌōŎŏŐőŒœŔŕŖŗŘřŚśŜŝŞşŠšŢţŤťŦŧŨũŪūŬŭŮůŰűŲųŴŵŶŷŸŹźŻżŽžſ" atlasID="0" desc="" height="14" id="2" name="impactFont" offsets="0|0|0|,9|0|9,13|0|13,20|0|20,28|0|28,36|0|36,44|0|44,52|0|52,55|0|55,63|0|63,71|0|71,79|0|79,87|0|87,90|0|90,98|0|98,101|0|101,109|0|109,119|0|119,124|0|124,134|0|134,144|0|144,154|0|154,164|0|164,174|0|174,183|0|183,193|0|193,203|0|203,206|0|206,210|0|210,218|0|218,226|0|226,234|0|234,242|0|242,250|0|250,263|0|263,274|0|274,284|0|284,295|0|295,305|0|305,315|0|315,326|0|326,337|0|337,341|0|341,351|0|351,363|0|363,373|0|373,386|0|386,397|0|397,408|0|408,419|0|419,431|0|431,442|0|442,453|0|453,463|0|463,474|0|474,487|0|487,505|0|505,517|0|517,529|0|529,540|0|540,548|0|548,556|0|556,564|0|564,572|0|572,580|0|580,583|0|583,596|0|596,607|0|607,617|0|617,628|0|628,638|0|638,648|0|648,659|0|659,670|0|670,674|0|674,684|0|684,696|0|696,706|0|706,719|0|719,730|0|730,741|0|741,752|0|752,764|0|764,775|0|775,786|0|786,796|0|796,807|0|807,820|0|820,838|0|838,850|0|850,862|0|862,873|0|873,881|0|881,889|0|889,897|0|897,905|0|905,905|0|905,905|0|905,905|0|905,905|0|905,905|0|905,905|0|905,905|0|905,905|0|905,905|0|905,905|0|905,905|0|905,905|0|905,905|0|905,905|0|905,905|0|905,905|0|905,905|0|905,905|0|905,905|0|905,905|0|905,905|0|905,905|0|905,905|0|905,905|0|905,905|0|905,905|0|905,905|0|905,905|0|905,905|0|905,905|0|905,905|0|905,905|0|905,905|0|905,914|0|914,922|0|922,930|0|930,938|0|938,946|0|946,954|0|954,962|0|962,970|0|970,978|0|978,986|0|986,994|0|994,1002|0|1002,1010|0|1010,1018|0|1018,1026|0|1026,1034|0|1034,1042|0|1042,1050|0|1050,1058|0|1058,1066|0|1066,1074|0|1074,1082|0|1082,1090|0|1090,1098|0|1098,1106|0|1106,1114|0|1114,1122|0|1122,1130|0|1130,1138|0|1138,1146|0|1146,1154|0|1154,1162|0|1162,1170|0|1170,1178|0|1178,1186|0|1186,1194|0|1194,1202|0|1202,1210|0|1210,1218|0|1218,1226|0|1226,1234|0|1234,1242|0|1242,1250|0|1250,1258|0|1258,1266|0|1266,1274|0|1274,1282|0|1282,1290|0|1290,1298|0|1298,1306|0|1306,1314|0|1314,1322|0|1322,1330|0|1330,1338|0|1338,1346|0|1346,1354|0|1354,1362|0|1362,1370|0|1370,1378|0|1378,1386|0|1386,1394|0|1394,1402|0|1402,1410|0|1410,1418|0|1418,1426|0|1426,1434|0|1434,1442|0|1442,1450|0|1450,1458|0|1458,1466|0|1466,1474|0|1474,1482|0|1482,1490|0|1490,1498|0|1498,1506|0|1506,1514|0|1514,1522|0|1522,1530|0|1530,1538|0|1538,1546|0|1546,1554|0|1554,1562|0|1562,1570|0|1570,1578|0|1578,1586|0|1586,1594|0|1594,1602|0|1602,1610|0|1610,1618|0|1618,1626|0|1626,1634|0|1634,1642|0|1642,1650|0|1650,1658|0|1658,1666|0|1666,1674|0|1674,1674|0|1674,1674|0|1674,1682|0|1682,1690|0|1690,1698|0|1698,1706|0|1706,1714|0|1714,1722|0|1722,1722|0|1722,1722|0|1722,1722|0|1722,1722|0|1722,1730|0|1730,1738|0|1738,1746|0|1746,1754|0|1754,1762|0|1762,1770|0|1770,1770|0|1770,1770|0|1770,1770|0|1770,1770|0|1770,1770|0|1770,1770|0|1770,1778|0|1778,1786|0|1786,1794|0|1794,1802|0|1802,1802|0|1802,1802|0|1802,1810|0|1810,1818|0|1818,1818|0|1818,1818|0|1818,1818|0|1818,1818|0|1818,1818|0|1818,1818|0|1818,1818|0|1818,1818|0|1818,1818|0|1818,1818|0|1818,1818|0|1818,1818|0|1818,1818|0|1818,1818|0|1818,1818|0|1818,1818|0|1818,1826|0|1826,1834|0|1834,1834|0|1834,1834|0|1834,1834|0|1834,1834|0|1834,1834|0|1834,1834|0|1834,1834|0|1834,1842|0|1842,1850|0|1850,1850|0|1850,1850|0|1850,1858|0|1858,1866|0|1866,1874|0|1874,1882|0|1882,1890|0|1890,1898|0|1898,1906|0|1906,1914|0|1914,1914|0|1914,1914|0|1914,1922|0|1922,1930|0|1930,1930|0|1930,1930|0|1930,1930|0|1930,1930|0|1930,1930|0|1930,1930|0|1930,1930|0|1930,1938|0|1938,1946|0|1946,1954|0|1954,1962|0|1962,1970|0|1970,1978|0|1978,1978|0|1978,1978|0|1978,1986|0|1986,1994|0|1994,2002|0|2002,2010|0|2010,2010|0|2010,2010|0|2010,2018|0|2018,2026|0|2026,2034|0|2034,2042|0|2042,2050|0|2050,2058|0|2058,2066|0|2066,2074|0|2074,2074|0|2074,2074|0|2074,2074|0|2074,2074|0|2074,2074|0|2074,2074|0|2074,2074|0|2074,2074|0|2074,2082|0|2082,2090|0|2090,2098|0|2098,2106|0|2106,2106|0|2106,2106|0|2106,2106|0|2106,2106|0|2106,2106|0|2106,2106|0|2106,2114|0|2114,2122|0|2122,2130|0|2130,2138|0|2138,2146|0|2146,2154|0|2154" oid="-1" rowHeight="14" shared="false"/>
    <sprite atlasID="0" default="0" desc="" height="20" id="10" name="RedSpot" shared="false" width="20">
        <anim across="1" atlasID="-1" down="1" durations="100" height="20" id="0" loop="true" name="Animation 0" numframes="1" originx="10" originy="10" width="20">
            <poly data="4,0,0,20,0,20,20,0,20" density="0.1" fric="0.2" gid="-1000" id="0" name="Animation 0" rest="0.0" sensor="true"/>
        </anim>
        <anim across="1" atlasID="-1" down="1" durations="100" height="20" id="1" loop="true" name="touched" numframes="1" originx="10" originy="10" width="20">
            <poly data="4,0,0,20,0,20,20,0,20" density="0.1" fric="0.2" gid="-1000" id="0" name="touched" rest="0.0" sensor="true"/>
        </anim>
    </sprite>
    <actor adamp="0.0" ascale="true" atlasID="0" bodytype="0" continuous="true" desc="" fixedrot="false" fric="0.2" gid="3" id="9" ignoreg="false" inertia="1.0" ldamp="0.0" lw="false" mass="1.0" name="RedSpot" oid="-1" pausable="true" rest="0.0" shared="false" sprite="10" static="true" touchable="true">
        <snippets>
            <s enabled="true" id="10">
                <prop id="1" list="0" val="false"/>
                <prop id="2" list="0" val="touched"/>
                <prop id="3" list="0" val="Animation 0"/>
                <prop id="4" list="0" val="0"/>
                <prop id="5" list="0" val="false"/>
                <prop id="2147483647" list="0" val="thisactor"/>
            </s>
        </snippets>
    </actor>
    <music desc="" id="17" loop="true" name="soundtrack" oid="-1" pan="0" shared="false" stream="true" type="mp3" volume="1"/>
    <sprite atlasID="0" default="1" desc="" height="16" id="8" name="WalkingMan" shared="false" width="6">
        <anim across="1" atlasID="-1" down="1" durations="100" height="16" id="1" loop="true" name="white" numframes="1" originx="9" originy="8" width="6">
            <poly data="4,0,0,8,0,8,17,0,17" density="0.1" fric="0.2" gid="-1000" id="0" name="Animation 1" rest="0.0" sensor="true"/>
        </anim>
    </sprite>
    <actor adamp="0.0" ascale="true" atlasID="0" bodytype="2" continuous="true" desc="" fixedrot="false" fric="0.2" gid="3" id="7" ignoreg="false" inertia="1.0" ldamp="0.0" lw="false" mass="1.0" name="WalkingMan" oid="-1" pausable="true" rest="0.0" shared="false" sprite="8" static="false" touchable="true">
        <snippets>
            <s enabled="true" id="1">
                <prop id="1" list="0" val="false"/>
                <prop id="2" list="0" val="0"/>
                <prop id="3" list="0" val="0"/>
                <prop id="4" list="0" val="20"/>
                <prop id="5" list="0" val="false"/>
                <prop id="6" list="0" val="3"/>
                <prop id="9" list="0" val="white"/>
                <prop id="10" list="0" val="selected"/>
                <prop id="2147483647" list="0" val="thisactor"/>
            </s>
            <s enabled="true" id="18">
                <prop id="1" list="0" val="false"/>
                <prop id="2" list="0" val="10"/>
                <prop id="2147483647" list="0" val="thisactor"/>
            </s>
            <s enabled="true" id="22">
                <prop id="1" list="0" val="false"/>
                <prop id="2" list="0" val="false"/>
                <prop id="3" list="0" val="0"/>
                <prop id="2147483647" list="0" val="thisactor"/>
            </s>
            <s enabled="true" id="14">
                <prop id="1" list="0" val="false"/>
                <prop id="2" list="0" val="false"/>
                <prop id="2147483647" list="0" val="thisactor"/>
            </s>
        </snippets>
    </actor>
    <actor adamp="0.0" ascale="true" atlasID="0" bodytype="2" continuous="true" desc="" fixedrot="false" fric="0.2" gid="3" id="15" ignoreg="false" inertia="1.0" ldamp="0.0" lw="false" mass="1.0" name="YellowBox" oid="-1" pausable="true" rest="0.0" shared="false" sprite="16" static="false" touchable="true">
        <snippets>
            <s enabled="true" id="20">
                <prop id="1" list="0" val="Clicked"/>
                <prop id="2" list="0" val="false"/>
                <prop id="2147483647" list="0" val="thisactor"/>
            </s>
        </snippets>
    </actor>
    <sprite atlasID="0" default="0" desc="" height="30" id="16" name="YellowBox" shared="false" width="30">
        <anim across="1" atlasID="-1" down="1" durations="100" height="30" id="0" loop="true" name="Idle" numframes="1" originx="15" originy="15" width="30">
            <poly data="4,0,0,30,0,30,30,0,30" density="0.1" fric="0.2" gid="-1000" id="0" name="Animation 0" rest="0.0" sensor="true"/>
        </anim>
        <anim across="1" atlasID="-1" down="1" durations="100" height="30" id="1" loop="true" name="Clicked" numframes="1" originx="15" originy="15" width="30">
            <poly data="4,0,0,30,0,30,30,0,30" density="0.1" fric="0.2" gid="-1000" id="0" name="Clicked" rest="0.0" sensor="false"/>
        </anim>
    </sprite>
</pack>
