<?xml version="1.0" encoding="UTF-8" standalone="no"?>
<scene depth="1" desc="" format="1.0" gravx="-0.0" gravy="0.0" height="256" id="0" name="map1" revision="" savecount="0" tiled="1" tileh="32" tilew="32" type="standard" width="4096">
    <layers>
        <layer color="100,168,234" id="0" name="Layer 0" order="0"/>
    </layers>
    <color-bg blue="255" green="255" red="255"/>
    <backgrounds>
        <ref id="10"/>
    </backgrounds>
    <foregrounds/>
    <joints/>
    <regions/>
    <terrainRegions/>
    <actors>
        <actor a="0.0" aid="1" c="false" group="0" id="1" sx="1.0" sy="1.0" x="34" y="120" z="0"/>
    </actors>
    <snippets>
        <s enabled="true" id="1">
            <prop id="1" list="0" val="1"/>
            <prop id="2" list="0" val="true"/>
            <prop id="3" list="0" val="false"/>
            <prop id="4" list="0" val="0"/>
            <prop id="5" list="0" val="0.0"/>
        </s>
        <s enabled="true" id="6">
            <prop id="3" list="0" val="50"/>
            <prop id="4" list="0" val="-2048"/>
        </s>
        <s enabled="true" id="9">
            <prop id="1" list="0" val="3"/>
            <prop id="2" list="0" val="0"/>
            <prop id="3" list="0" val="0"/>
            <prop id="4" list="0" val="false"/>
            <prop id="5" list="0" val="false"/>
        </s>
        <s enabled="true" id="10">
            <prop id="1" list="0" val="false"/>
            <prop id="2" list="0" val="1"/>
        </s>
    </snippets>
    <terrain>
        <p pts="4,32.0,0.0,32.0,32.0,0.0,32.0,0.0,0.0" x="416.0" y="32.0"/>
        <p pts="4,32.0,0.0,32.0,32.0,0.0,32.0,0.0,0.0" x="3264.0" y="160.0"/>
        <p pts="4,32.0,0.0,32.0,32.0,0.0,32.0,0.0,0.0" x="1824.0" y="0.0"/>
        <p pts="4,32.0,0.0,32.0,32.0,0.0,32.0,0.0,0.0" x="1312.0" y="224.0"/>
        <p pts="4,32.0,0.0,32.0,32.0,0.0,32.0,0.0,0.0" x="768.0" y="0.0"/>
        <p pts="4,64.0,0.0,64.0,32.0,0.0,32.0,0.0,0.0" x="896.0" y="32.0"/>
        <p pts="4,32.0,0.0,32.0,64.0,0.0,64.0,0.0,0.0" x="2016.0" y="192.0"/>
        <p pts="4,0.0,0.0,32.0,0.0,32.0,64.0,0.0,64.0" x="768.0" y="160.0"/>
        <p pts="4,64.0,0.0,64.0,32.0,0.0,32.0,0.0,0.0" x="1536.0" y="64.0"/>
        <p pts="4,64.0,0.0,64.0,32.0,0.0,32.0,0.0,0.0" x="960.0" y="160.0"/>
        <p pts="4,0.0,32.0,0.0,0.0,128.0,0.0,128.0,32.0" x="2848.0" y="64.0"/>
        <p pts="4,96.0,0.0,96.0,32.0,0.0,32.0,0.0,0.0" x="448.0" y="160.0"/>
        <p pts="4,64.0,0.0,64.0,32.0,0.0,32.0,0.0,0.0" x="544.0" y="96.0"/>
        <p pts="4,96.0,0.0,96.0,32.0,0.0,32.0,0.0,0.0" x="1440.0" y="32.0"/>
        <p pts="4,96.0,0.0,96.0,32.0,0.0,32.0,0.0,0.0" x="1280.0" y="96.0"/>
        <p pts="8,64.0,32.0,64.0,64.0,0.0,64.0,0.0,32.0,32.0,32.0,32.0,0.0,96.0,0.0,96.0,32.0" x="3520.0" y="64.0"/>
        <p pts="4,0.0,32.0,0.0,0.0,128.0,0.0,128.0,32.0" x="96.0" y="64.0"/>
        <p pts="4,128.0,0.0,128.0,32.0,0.0,32.0,0.0,0.0" x="2528.0" y="96.0"/>
        <p pts="4,0.0,32.0,0.0,0.0,192.0,0.0,192.0,32.0" x="2240.0" y="160.0"/>
        <p pts="6,96.0,32.0,0.0,32.0,0.0,0.0,128.0,0.0,128.0,64.0,96.0,64.0" x="3328.0" y="0.0"/>
        <p pts="4,128.0,0.0,128.0,32.0,0.0,32.0,0.0,0.0" x="3936.0" y="64.0"/>
        <p pts="4,0.0,32.0,0.0,0.0,224.0,0.0,224.0,32.0" x="3296.0" y="128.0"/>
        <p pts="8,32.0,32.0,0.0,32.0,0.0,0.0,64.0,0.0,64.0,32.0,96.0,32.0,96.0,64.0,32.0,64.0" x="3616.0" y="0.0"/>
        <p pts="4,0.0,32.0,0.0,0.0,160.0,0.0,160.0,32.0" x="3040.0" y="192.0"/>
        <p pts="4,0.0,32.0,0.0,0.0,128.0,0.0,128.0,32.0" x="1824.0" y="96.0"/>
        <p pts="4,0.0,32.0,0.0,0.0,224.0,0.0,224.0,32.0" x="3808.0" y="160.0"/>
        <p pts="8,128.0,32.0,128.0,64.0,0.0,64.0,0.0,32.0,96.0,32.0,96.0,0.0,160.0,0.0,160.0,32.0" x="2048.0" y="32.0"/>
        <p pts="4,192.0,0.0,192.0,32.0,0.0,32.0,0.0,0.0" x="1632.0" y="160.0"/>
        <p pts="4,0.0,32.0,0.0,0.0,128.0,0.0,128.0,32.0" x="640.0" y="64.0"/>
        <p pts="4,0.0,32.0,0.0,0.0,128.0,0.0,128.0,32.0" x="1152.0" y="64.0"/>
    </terrain>
</scene>
