<?xml version="1.0" encoding="UTF-8" standalone="no"?>
<scene depth="1" desc="" format="1.0" gravx="-0.0" gravy="0.0" height="480" id="1" name="enduf" revision="" savecount="0" tiled="1" tileh="32" tilew="32" type="standard" width="640">
    <layers>
        <layer color="100,168,234" id="0" name="Layer 0" order="0"/>
    </layers>
    <color-bg blue="255" green="255" red="255"/>
    <backgrounds>
        <ref id="5"/>
    </backgrounds>
    <foregrounds/>
    <joints/>
    <regions/>
    <terrainRegions/>
    <actors/>
    <snippets>
        <s enabled="true" id="14"/>
    </snippets>
    <terrain/>
</scene>
