<?xml version="1.0" encoding="UTF-8" standalone="no"?>
<scene depth="1" desc="" format="1.0" gravx="-0.0" gravy="0.0" height="256" id="2" name="Begin" revision="" savecount="0" tiled="1" tileh="32" tilew="32" type="standard" width="1024">
    <layers>
        <layer color="100,168,234" id="0" name="Layer 0" order="0"/>
    </layers>
    <color-bg blue="0" green="51" red="0"/>
    <backgrounds/>
    <foregrounds/>
    <joints/>
    <regions/>
    <terrainRegions/>
    <actors>
        <actor a="0.0" aid="1" c="true" group="3" id="15" sx="1.0" sy="1.0" x="81" y="175" z="0">
            <snippets>
                <s enabled="true" id="12">
                    <prop id="1" list="0" val="0"/>
                    <prop id="2" list="0" val="0"/>
                    <prop id="3" list="0" val="0.0"/>
                    <prop id="4" list="0" val="Available"/>
                    <prop id="5" list="0" val="Disabled"/>
                    <prop id="2147483647" list="0" val="thisactor"/>
                </s>
            </snippets>
        </actor>
        <actor a="0.0" aid="2" c="true" group="3" id="15" sx="1.0" sy="1.0" x="273" y="154" z="0">
            <snippets>
                <s enabled="true" id="12">
                    <prop id="1" list="0" val="1"/>
                    <prop id="2" list="0" val="3"/>
                    <prop id="3" list="0" val="0.0"/>
                    <prop id="4" list="0" val="Available"/>
                    <prop id="5" list="0" val="Disabled"/>
                    <prop id="2147483647" list="0" val="thisactor"/>
                </s>
            </snippets>
        </actor>
        <actor a="0.0" aid="3" c="true" group="3" id="15" sx="1.0" sy="1.0" x="493" y="182" z="0">
            <snippets>
                <s enabled="true" id="12">
                    <prop id="1" list="0" val="2"/>
                    <prop id="2" list="0" val="4"/>
                    <prop id="3" list="0" val="0.0"/>
                    <prop id="4" list="0" val="Available"/>
                    <prop id="5" list="0" val="Disabled"/>
                    <prop id="2147483647" list="0" val="thisactor"/>
                </s>
            </snippets>
        </actor>
        <actor a="0.0" aid="4" c="true" group="3" id="15" sx="1.0" sy="1.0" x="691" y="152" z="0">
            <snippets>
                <s enabled="true" id="12">
                    <prop id="1" list="0" val="3"/>
                    <prop id="2" list="0" val="5"/>
                    <prop id="3" list="0" val="0.0"/>
                    <prop id="4" list="0" val="Available"/>
                    <prop id="5" list="0" val="Disabled"/>
                    <prop id="2147483647" list="0" val="thisactor"/>
                </s>
            </snippets>
        </actor>
        <actor a="0.0" aid="5" c="true" group="3" id="15" sx="1.0" sy="1.0" x="871" y="183" z="0">
            <snippets>
                <s enabled="true" id="12">
                    <prop id="1" list="0" val="4"/>
                    <prop id="2" list="0" val="6"/>
                    <prop id="3" list="0" val="0.0"/>
                    <prop id="4" list="0" val="Available"/>
                    <prop id="5" list="0" val="Disabled"/>
                    <prop id="2147483647" list="0" val="thisactor"/>
                </s>
            </snippets>
        </actor>
        <actor a="0.0" aid="6" c="false" group="3" id="17" sx="1.0" sy="1.0" x="978" y="18" z="0"/>
    </actors>
    <snippets>
        <s enabled="true" id="7"/>
    </snippets>
    <terrain/>
</scene>
