<?xml version="1.0" encoding="UTF-8" standalone="no"?>
<scene depth="1" desc="" format="1.0" gravx="-0.0" gravy="0.0" height="256" id="3" name="map2" revision="" savecount="0" tiled="1" tileh="32" tilew="32" type="standard" width="4096">
    <layers>
        <layer color="100,168,234" id="0" name="Layer 0" order="0"/>
    </layers>
    <color-bg blue="255" green="255" red="255"/>
    <backgrounds>
        <ref id="10"/>
    </backgrounds>
    <foregrounds/>
    <joints/>
    <regions/>
    <terrainRegions/>
    <actors>
        <actor a="0.0" aid="1" c="false" group="0" id="1" sx="1.0" sy="1.0" x="22" y="156" z="0"/>
    </actors>
    <snippets>
        <s enabled="true" id="1">
            <prop id="1" list="0" val="1"/>
            <prop id="2" list="0" val="true"/>
            <prop id="3" list="0" val="false"/>
            <prop id="4" list="0" val="0"/>
            <prop id="5" list="0" val="0.0"/>
        </s>
        <s enabled="true" id="6">
            <prop id="3" list="0" val="30"/>
            <prop id="4" list="0" val="-3096"/>
        </s>
        <s enabled="true" id="9">
            <prop id="1" list="0" val="4"/>
            <prop id="2" list="0" val="1"/>
            <prop id="3" list="0" val="0"/>
            <prop id="4" list="0" val="false"/>
            <prop id="5" list="0" val="false"/>
        </s>
        <s enabled="true" id="10">
            <prop id="1" list="0" val="false"/>
            <prop id="2" list="0" val="2"/>
        </s>
    </snippets>
    <terrain>
        <p pts="14,320.0,160.0,0.0,160.0,0.0,128.0,384.0,128.0,384.0,96.0,256.0,96.0,256.0,64.0,384.0,64.0,384.0,32.0,256.0,32.0,256.0,0.0,416.0,0.0,416.0,192.0,320.0,192.0" x="1952.0" y="0.0"/>
        <p pts="4,32.0,0.0,32.0,32.0,0.0,32.0,0.0,0.0" x="2944.0" y="160.0"/>
        <p pts="4,0.0,0.0,32.0,0.0,32.0,96.0,0.0,96.0" x="96.0" y="96.0"/>
        <p pts="4,32.0,0.0,32.0,32.0,0.0,32.0,0.0,0.0" x="2624.0" y="64.0"/>
        <p pts="4,0.0,32.0,0.0,0.0,416.0,0.0,416.0,32.0" x="3136.0" y="64.0"/>
        <p pts="4,32.0,0.0,32.0,32.0,0.0,32.0,0.0,0.0" x="3584.0" y="224.0"/>
        <p pts="4,32.0,0.0,32.0,32.0,0.0,32.0,0.0,0.0" x="3584.0" y="64.0"/>
        <p pts="4,64.0,0.0,64.0,32.0,0.0,32.0,0.0,0.0" x="1536.0" y="128.0"/>
        <p pts="4,32.0,0.0,32.0,32.0,0.0,32.0,0.0,0.0" x="3008.0" y="192.0"/>
        <p pts="4,64.0,0.0,64.0,32.0,0.0,32.0,0.0,0.0" x="1408.0" y="64.0"/>
        <p pts="4,0.0,0.0,32.0,0.0,32.0,64.0,0.0,64.0" x="2688.0" y="0.0"/>
        <p pts="10,64.0,96.0,64.0,64.0,32.0,64.0,32.0,32.0,0.0,32.0,0.0,0.0,256.0,0.0,256.0,32.0,160.0,32.0,160.0,96.0" x="480.0" y="0.0"/>
        <p pts="4,64.0,0.0,64.0,64.0,0.0,64.0,0.0,0.0" x="2656.0" y="192.0"/>
        <p pts="4,32.0,0.0,32.0,32.0,0.0,32.0,0.0,0.0" x="3072.0" y="224.0"/>
        <p pts="4,0.0,32.0,0.0,0.0,128.0,0.0,128.0,32.0" x="256.0" y="224.0"/>
        <p pts="4,32.0,0.0,32.0,32.0,0.0,32.0,0.0,0.0" x="2496.0" y="128.0"/>
        <p pts="4,32.0,0.0,32.0,32.0,0.0,32.0,0.0,0.0" x="3584.0" y="0.0"/>
        <p pts="4,32.0,0.0,32.0,32.0,0.0,32.0,0.0,0.0" x="3552.0" y="32.0"/>
        <p pts="4,32.0,0.0,32.0,32.0,0.0,32.0,0.0,0.0" x="2880.0" y="128.0"/>
        <p pts="4,32.0,0.0,32.0,32.0,0.0,32.0,0.0,0.0" x="3584.0" y="160.0"/>
        <p pts="4,32.0,0.0,32.0,32.0,0.0,32.0,0.0,0.0" x="3520.0" y="224.0"/>
        <p pts="8,352.0,0.0,352.0,32.0,64.0,32.0,64.0,64.0,32.0,64.0,32.0,32.0,0.0,32.0,0.0,0.0" x="448.0" y="160.0"/>
        <p pts="8,32.0,32.0,0.0,32.0,0.0,0.0,192.0,0.0,192.0,32.0,128.0,32.0,128.0,64.0,32.0,64.0" x="1216.0" y="32.0"/>
        <p pts="6,32.0,32.0,32.0,0.0,64.0,0.0,64.0,64.0,0.0,64.0,0.0,32.0" x="1312.0" y="160.0"/>
        <p pts="18,32.0,160.0,0.0,160.0,0.0,32.0,32.0,32.0,32.0,0.0,192.0,0.0,192.0,32.0,224.0,32.0,224.0,64.0,288.0,64.0,288.0,96.0,352.0,96.0,352.0,128.0,288.0,128.0,288.0,160.0,224.0,160.0,224.0,192.0,32.0,192.0" x="3712.0" y="32.0"/>
        <p pts="4,448.0,0.0,448.0,32.0,0.0,32.0,0.0,0.0" x="3104.0" y="160.0"/>
        <p pts="4,32.0,0.0,32.0,32.0,0.0,32.0,0.0,0.0" x="2752.0" y="64.0"/>
        <p pts="4,160.0,0.0,160.0,32.0,0.0,32.0,0.0,0.0" x="1600.0" y="224.0"/>
        <p pts="4,0.0,32.0,0.0,0.0,64.0,0.0,64.0,32.0" x="1888.0" y="160.0"/>
        <p pts="4,0.0,32.0,0.0,0.0,64.0,0.0,64.0,32.0" x="928.0" y="32.0"/>
        <p pts="4,0.0,32.0,0.0,0.0,320.0,0.0,320.0,32.0" x="896.0" y="128.0"/>
        <p pts="4,32.0,0.0,32.0,32.0,0.0,32.0,0.0,0.0" x="2560.0" y="96.0"/>
        <p pts="4,128.0,64.0,128.0,0.0,0.0,0.0,0.0,64.0" x="3744.0" y="64.0"/>
        <p pts="4,160.0,0.0,160.0,32.0,0.0,32.0,0.0,0.0" x="2368.0" y="224.0"/>
        <p pts="4,0.0,32.0,0.0,0.0,192.0,0.0,192.0,32.0" x="1888.0" y="0.0"/>
        <p pts="4,96.0,0.0,96.0,32.0,0.0,32.0,0.0,0.0" x="832.0" y="224.0"/>
        <p pts="4,32.0,0.0,32.0,32.0,0.0,32.0,0.0,0.0" x="3552.0" y="192.0"/>
        <p pts="4,0.0,32.0,128.0,32.0,128.0,0.0,0.0,0.0" x="3744.0" y="160.0"/>
        <p pts="4,32.0,0.0,32.0,32.0,0.0,32.0,0.0,0.0" x="3520.0" y="0.0"/>
        <p pts="4,128.0,0.0,128.0,32.0,0.0,32.0,0.0,0.0" x="192.0" y="32.0"/>
        <p pts="8,96.0,64.0,96.0,32.0,0.0,32.0,0.0,0.0,192.0,0.0,192.0,32.0,160.0,32.0,160.0,64.0" x="1696.0" y="64.0"/>
        <p pts="4,64.0,0.0,64.0,32.0,0.0,32.0,0.0,0.0" x="128.0" y="64.0"/>
        <p pts="4,0.0,32.0,0.0,0.0,64.0,0.0,64.0,32.0" x="1472.0" y="96.0"/>
        <p pts="4,32.0,0.0,32.0,32.0,0.0,32.0,0.0,0.0" x="2016.0" y="224.0"/>
        <p pts="4,0.0,32.0,0.0,0.0,96.0,0.0,96.0,32.0" x="800.0" y="96.0"/>
        <p pts="4,128.0,0.0,128.0,32.0,0.0,32.0,0.0,0.0" x="320.0" y="128.0"/>
        <p pts="4,32.0,0.0,32.0,32.0,0.0,32.0,0.0,0.0" x="1760.0" y="128.0"/>
        <p pts="4,32.0,0.0,32.0,32.0,0.0,32.0,0.0,0.0" x="2816.0" y="96.0"/>
        <p pts="4,32.0,0.0,32.0,32.0,0.0,32.0,0.0,0.0" x="1856.0" y="128.0"/>
        <p pts="4,0.0,32.0,0.0,0.0,160.0,0.0,160.0,32.0" x="1600.0" y="160.0"/>
    </terrain>
</scene>
