<?xml version="1.0" encoding="UTF-8" standalone="no"?>
<scene depth="1" desc="" format="1.0" gravx="-0.0" gravy="0.0" height="256" id="5" name="map4" revision="" savecount="0" tiled="1" tileh="32" tilew="32" type="standard" width="4096">
    <layers>
        <layer color="100,168,234" id="0" name="Layer 0" order="0"/>
    </layers>
    <color-bg blue="255" green="255" red="255"/>
    <backgrounds>
        <ref id="10"/>
    </backgrounds>
    <foregrounds/>
    <joints/>
    <regions/>
    <terrainRegions/>
    <actors>
        <actor a="0.0" aid="1" c="false" group="0" id="1" sx="1.0" sy="1.0" x="30" y="78" z="0"/>
    </actors>
    <snippets>
        <s enabled="true" id="1">
            <prop id="1" list="0" val="1"/>
            <prop id="2" list="0" val="true"/>
            <prop id="3" list="0" val="false"/>
            <prop id="4" list="0" val="0"/>
            <prop id="5" list="0" val="0.0"/>
        </s>
        <s enabled="true" id="6">
            <prop id="3" list="0" val="25"/>
            <prop id="4" list="0" val="-3096"/>
        </s>
        <s enabled="true" id="9">
            <prop id="1" list="0" val="6"/>
            <prop id="2" list="0" val="3"/>
            <prop id="3" list="0" val="0"/>
            <prop id="4" list="0" val="false"/>
            <prop id="5" list="0" val="false"/>
        </s>
        <s enabled="true" id="10">
            <prop id="1" list="0" val="false"/>
            <prop id="2" list="0" val="4"/>
        </s>
    </snippets>
    <terrain>
        <p pts="4,32.0,0.0,32.0,32.0,0.0,32.0,0.0,0.0" x="3456.0" y="160.0"/>
        <p pts="6,64.0,0.0,64.0,64.0,0.0,64.0,0.0,32.0,32.0,32.0,32.0,0.0" x="3328.0" y="192.0"/>
        <p pts="4,0.0,0.0,32.0,0.0,32.0,64.0,0.0,64.0" x="3168.0" y="32.0"/>
        <p pts="4,32.0,0.0,32.0,32.0,0.0,32.0,0.0,0.0" x="3424.0" y="96.0"/>
        <p pts="4,32.0,0.0,32.0,32.0,0.0,32.0,0.0,0.0" x="3616.0" y="32.0"/>
        <p pts="4,32.0,0.0,32.0,32.0,0.0,32.0,0.0,0.0" x="2464.0" y="192.0"/>
        <p pts="4,32.0,0.0,32.0,32.0,0.0,32.0,0.0,0.0" x="2144.0" y="0.0"/>
        <p pts="4,32.0,0.0,32.0,32.0,0.0,32.0,0.0,0.0" x="3840.0" y="64.0"/>
        <p pts="4,32.0,0.0,32.0,32.0,0.0,32.0,0.0,0.0" x="3360.0" y="64.0"/>
        <p pts="4,0.0,0.0,32.0,0.0,32.0,64.0,0.0,64.0" x="3072.0" y="64.0"/>
        <p pts="4,0.0,96.0,0.0,0.0,64.0,0.0,64.0,96.0" x="480.0" y="0.0"/>
        <p pts="4,32.0,0.0,32.0,32.0,0.0,32.0,0.0,0.0" x="1984.0" y="160.0"/>
        <p pts="4,32.0,0.0,32.0,32.0,0.0,32.0,0.0,0.0" x="2272.0" y="224.0"/>
        <p pts="4,32.0,0.0,32.0,32.0,0.0,32.0,0.0,0.0" x="2592.0" y="224.0"/>
        <p pts="4,32.0,0.0,32.0,32.0,0.0,32.0,0.0,0.0" x="3744.0" y="0.0"/>
        <p pts="4,32.0,0.0,32.0,32.0,0.0,32.0,0.0,0.0" x="3296.0" y="128.0"/>
        <p pts="8,64.0,32.0,64.0,64.0,32.0,64.0,32.0,32.0,0.0,32.0,0.0,0.0,96.0,0.0,96.0,32.0" x="3040.0" y="160.0"/>
        <p pts="4,32.0,0.0,32.0,32.0,0.0,32.0,0.0,0.0" x="2432.0" y="224.0"/>
        <p pts="4,32.0,0.0,32.0,32.0,0.0,32.0,0.0,0.0" x="2240.0" y="128.0"/>
        <p pts="8,32.0,96.0,96.0,96.0,96.0,128.0,32.0,128.0,32.0,160.0,0.0,160.0,0.0,0.0,32.0,0.0" x="128.0" y="0.0"/>
        <p pts="4,32.0,0.0,32.0,32.0,0.0,32.0,0.0,0.0" x="3840.0" y="128.0"/>
        <p pts="4,32.0,0.0,32.0,32.0,0.0,32.0,0.0,0.0" x="3744.0" y="64.0"/>
        <p pts="4,32.0,0.0,32.0,32.0,0.0,32.0,0.0,0.0" x="2656.0" y="0.0"/>
        <p pts="4,32.0,0.0,32.0,32.0,0.0,32.0,0.0,0.0" x="1824.0" y="0.0"/>
        <p pts="4,64.0,0.0,64.0,32.0,0.0,32.0,0.0,0.0" x="1664.0" y="192.0"/>
        <p pts="4,32.0,0.0,32.0,32.0,0.0,32.0,0.0,0.0" x="2080.0" y="128.0"/>
        <p pts="4,32.0,0.0,32.0,32.0,0.0,32.0,0.0,0.0" x="3744.0" y="224.0"/>
        <p pts="6,32.0,32.0,32.0,0.0,64.0,0.0,64.0,64.0,0.0,64.0,0.0,32.0" x="2336.0" y="160.0"/>
        <p pts="4,32.0,0.0,32.0,32.0,0.0,32.0,0.0,0.0" x="2656.0" y="192.0"/>
        <p pts="4,32.0,0.0,32.0,32.0,0.0,32.0,0.0,0.0" x="2176.0" y="224.0"/>
        <p pts="4,32.0,0.0,32.0,32.0,0.0,32.0,0.0,0.0" x="2912.0" y="96.0"/>
        <p pts="4,32.0,0.0,32.0,64.0,0.0,64.0,0.0,0.0" x="2976.0" y="96.0"/>
        <p pts="6,32.0,32.0,32.0,0.0,64.0,0.0,64.0,64.0,0.0,64.0,0.0,32.0" x="608.0" y="96.0"/>
        <p pts="4,32.0,0.0,32.0,32.0,0.0,32.0,0.0,0.0" x="3648.0" y="64.0"/>
        <p pts="4,32.0,0.0,32.0,32.0,0.0,32.0,0.0,0.0" x="1664.0" y="32.0"/>
        <p pts="4,32.0,0.0,32.0,32.0,0.0,32.0,0.0,0.0" x="1536.0" y="224.0"/>
        <p pts="4,32.0,0.0,32.0,32.0,0.0,32.0,0.0,0.0" x="2560.0" y="128.0"/>
        <p pts="18,0.0,96.0,0.0,64.0,32.0,64.0,32.0,32.0,64.0,32.0,64.0,0.0,128.0,0.0,128.0,32.0,96.0,32.0,96.0,64.0,224.0,64.0,224.0,0.0,288.0,0.0,288.0,32.0,256.0,32.0,256.0,64.0,352.0,64.0,352.0,96.0" x="1024.0" y="0.0"/>
        <p pts="4,32.0,0.0,32.0,32.0,0.0,32.0,0.0,0.0" x="3392.0" y="160.0"/>
        <p pts="4,32.0,0.0,32.0,32.0,0.0,32.0,0.0,0.0" x="2688.0" y="224.0"/>
        <p pts="4,0.0,32.0,0.0,0.0,64.0,0.0,64.0,32.0" x="672.0" y="192.0"/>
        <p pts="4,32.0,0.0,32.0,32.0,0.0,32.0,0.0,0.0" x="3648.0" y="0.0"/>
        <p pts="6,32.0,32.0,0.0,32.0,0.0,0.0,96.0,0.0,96.0,128.0,32.0,128.0" x="736.0" y="0.0"/>
        <p pts="4,32.0,0.0,32.0,32.0,0.0,32.0,0.0,0.0" x="3936.0" y="160.0"/>
        <p pts="4,32.0,0.0,32.0,32.0,0.0,32.0,0.0,0.0" x="1888.0" y="224.0"/>
        <p pts="4,32.0,0.0,32.0,32.0,0.0,32.0,0.0,0.0" x="2208.0" y="32.0"/>
        <p pts="6,32.0,32.0,0.0,32.0,0.0,0.0,64.0,0.0,64.0,64.0,32.0,64.0" x="2496.0" y="64.0"/>
        <p pts="4,32.0,0.0,32.0,64.0,0.0,64.0,0.0,0.0" x="3744.0" y="128.0"/>
        <p pts="4,32.0,0.0,32.0,32.0,0.0,32.0,0.0,0.0" x="3840.0" y="0.0"/>
        <p pts="4,32.0,0.0,32.0,32.0,0.0,32.0,0.0,0.0" x="1824.0" y="224.0"/>
        <p pts="4,32.0,0.0,32.0,32.0,0.0,32.0,0.0,0.0" x="3936.0" y="96.0"/>
        <p pts="4,64.0,0.0,64.0,32.0,0.0,32.0,0.0,0.0" x="1600.0" y="64.0"/>
        <p pts="4,0.0,32.0,0.0,0.0,64.0,0.0,64.0,32.0" x="3008.0" y="224.0"/>
        <p pts="4,32.0,0.0,32.0,32.0,0.0,32.0,0.0,0.0" x="3648.0" y="128.0"/>
        <p pts="4,32.0,0.0,32.0,32.0,0.0,32.0,0.0,0.0" x="2464.0" y="0.0"/>
        <p pts="4,0.0,32.0,0.0,0.0,64.0,0.0,64.0,32.0" x="544.0" y="160.0"/>
        <p pts="4,32.0,0.0,32.0,32.0,0.0,32.0,0.0,0.0" x="1472.0" y="32.0"/>
        <p pts="4,32.0,0.0,32.0,32.0,0.0,32.0,0.0,0.0" x="2432.0" y="64.0"/>
        <p pts="4,32.0,0.0,32.0,32.0,0.0,32.0,0.0,0.0" x="3936.0" y="224.0"/>
        <p pts="4,32.0,0.0,32.0,32.0,0.0,32.0,0.0,0.0" x="1376.0" y="32.0"/>
        <p pts="4,32.0,0.0,32.0,32.0,0.0,32.0,0.0,0.0" x="1536.0" y="128.0"/>
        <p pts="4,96.0,0.0,96.0,32.0,0.0,32.0,0.0,0.0" x="832.0" y="224.0"/>
        <p pts="4,32.0,0.0,32.0,64.0,0.0,64.0,0.0,0.0" x="2272.0" y="0.0"/>
        <p pts="4,0.0,32.0,0.0,0.0,64.0,0.0,64.0,32.0" x="928.0" y="128.0"/>
        <p pts="4,32.0,0.0,32.0,32.0,0.0,32.0,0.0,0.0" x="2112.0" y="160.0"/>
        <p pts="4,32.0,0.0,32.0,32.0,0.0,32.0,0.0,0.0" x="2112.0" y="96.0"/>
        <p pts="4,32.0,0.0,32.0,32.0,0.0,32.0,0.0,0.0" x="3520.0" y="64.0"/>
        <p pts="4,0.0,32.0,0.0,0.0,96.0,0.0,96.0,32.0" x="1248.0" y="224.0"/>
        <p pts="4,32.0,0.0,32.0,32.0,0.0,32.0,0.0,0.0" x="1536.0" y="0.0"/>
        <p pts="4,32.0,192.0,0.0,192.0,0.0,0.0,32.0,0.0" x="2784.0" y="32.0"/>
        <p pts="4,32.0,0.0,32.0,32.0,0.0,32.0,0.0,0.0" x="1888.0" y="0.0"/>
        <p pts="4,32.0,0.0,32.0,64.0,0.0,64.0,0.0,0.0" x="3936.0" y="0.0"/>
        <p pts="4,32.0,0.0,32.0,32.0,0.0,32.0,0.0,0.0" x="2016.0" y="224.0"/>
        <p pts="6,32.0,64.0,0.0,64.0,0.0,0.0,64.0,0.0,64.0,96.0,32.0,96.0" x="3552.0" y="96.0"/>
        <p pts="4,32.0,0.0,32.0,32.0,0.0,32.0,0.0,0.0" x="1760.0" y="0.0"/>
        <p pts="10,96.0,0.0,96.0,32.0,128.0,32.0,128.0,64.0,0.0,64.0,0.0,0.0,32.0,0.0,32.0,32.0,64.0,32.0,64.0,0.0" x="3168.0" y="128.0"/>
        <p pts="4,32.0,0.0,32.0,32.0,0.0,32.0,0.0,0.0" x="3232.0" y="64.0"/>
        <p pts="4,32.0,0.0,32.0,32.0,0.0,32.0,0.0,0.0" x="2592.0" y="32.0"/>
        <p pts="4,32.0,0.0,32.0,32.0,0.0,32.0,0.0,0.0" x="1568.0" y="96.0"/>
        <p pts="4,64.0,0.0,64.0,32.0,0.0,32.0,0.0,0.0" x="1472.0" y="160.0"/>
        <p pts="12,64.0,64.0,0.0,64.0,0.0,32.0,64.0,32.0,64.0,0.0,96.0,0.0,96.0,128.0,128.0,128.0,128.0,224.0,96.0,224.0,96.0,160.0,64.0,160.0" x="320.0" y="32.0"/>
        <p pts="4,32.0,0.0,32.0,32.0,0.0,32.0,0.0,0.0" x="3136.0" y="0.0"/>
        <p pts="4,32.0,0.0,32.0,32.0,0.0,32.0,0.0,0.0" x="3328.0" y="96.0"/>
        <p pts="4,64.0,0.0,64.0,32.0,0.0,32.0,0.0,0.0" x="2912.0" y="160.0"/>
        <p pts="4,0.0,0.0,32.0,0.0,32.0,64.0,0.0,64.0" x="3840.0" y="192.0"/>
        <p pts="4,32.0,0.0,32.0,32.0,0.0,32.0,0.0,0.0" x="3456.0" y="64.0"/>
        <p pts="4,32.0,0.0,32.0,32.0,0.0,32.0,0.0,0.0" x="1792.0" y="192.0"/>
        <p pts="4,32.0,0.0,32.0,32.0,0.0,32.0,0.0,0.0" x="2880.0" y="64.0"/>
        <p pts="4,32.0,0.0,32.0,32.0,0.0,32.0,0.0,0.0" x="2912.0" y="32.0"/>
        <p pts="12,32.0,96.0,32.0,64.0,0.0,64.0,0.0,32.0,32.0,32.0,32.0,0.0,352.0,0.0,352.0,32.0,96.0,32.0,96.0,64.0,128.0,64.0,128.0,96.0" x="1024.0" y="160.0"/>
        <p pts="4,32.0,0.0,32.0,32.0,0.0,32.0,0.0,0.0" x="1600.0" y="224.0"/>
        <p pts="4,32.0,0.0,32.0,32.0,0.0,32.0,0.0,0.0" x="1920.0" y="32.0"/>
        <p pts="4,32.0,0.0,32.0,32.0,0.0,32.0,0.0,0.0" x="1984.0" y="64.0"/>
        <p pts="4,32.0,0.0,32.0,32.0,0.0,32.0,0.0,0.0" x="3488.0" y="128.0"/>
    </terrain>
</scene>
