<?xml version="1.0" encoding="UTF-8" standalone="no"?>
<scene depth="1" desc="" format="1.0" gravx="-0.0" gravy="0.0" height="256" id="7" name="endmap" revision="" savecount="0" tiled="1" tileh="32" tilew="32" type="standard" width="4096">
    <layers>
        <layer color="100,168,234" id="0" name="Layer 0" order="0"/>
    </layers>
    <color-bg blue="255" green="255" red="255"/>
    <backgrounds>
        <ref id="10"/>
    </backgrounds>
    <foregrounds/>
    <joints/>
    <regions/>
    <terrainRegions/>
    <actors/>
    <snippets>
        <s enabled="true" id="1">
            <prop id="1" list="0" val="-1"/>
            <prop id="2" list="0" val="true"/>
            <prop id="3" list="0" val="false"/>
            <prop id="4" list="0" val="0"/>
            <prop id="5" list="0" val="0.0"/>
        </s>
        <s enabled="true" id="6">
            <prop id="3" list="0" val="30"/>
            <prop id="4" list="0" val="-3096"/>
        </s>
        <s enabled="true" id="9">
            <prop id="1" list="0" val="1"/>
            <prop id="2" list="0" val="4"/>
            <prop id="3" list="0" val="0"/>
            <prop id="4" list="0" val="false"/>
            <prop id="5" list="0" val="false"/>
        </s>
        <s enabled="true" id="10">
            <prop id="1" list="0" val="false"/>
            <prop id="2" list="0" val="5"/>
        </s>
    </snippets>
    <terrain/>
</scene>
