<?xml version="1.0" encoding="UTF-8" standalone="no"?>
<scene depth="2" desc="" format="1.0" gravx="-0.0" gravy="0.0" height="480" id="0" name="Scene1" revision="" savecount="0" tiled="1" tileh="32" tilew="32" type="standard" width="640">
    <layers>
        <layer color="0,0,255" id="1" name="Layer 1" order="0"/>
        <layer color="100,168,234" id="0" name="Layer 0" order="1"/>
    </layers>
    <color-bg blue="0" green="0" red="0"/>
    <backgrounds/>
    <foregrounds/>
    <joints/>
    <regions/>
    <terrainRegions/>
    <actors>
        <actor a="0.0" aid="1" c="false" group="3" id="7" sx="1.0" sy="1.0" x="72" y="63" z="1"/>
        <actor a="0.0" aid="2" c="false" group="3" id="9" sx="1.0" sy="1.0" x="539" y="400" z="0"/>
        <actor a="0.0" aid="3" c="false" group="3" id="13" sx="1.0" sy="1.0" x="268" y="201" z="0"/>
        <actor a="0.0" aid="4" c="false" group="3" id="11" sx="1.0" sy="1.0" x="72" y="404" z="0"/>
        <actor a="0.0" aid="5" c="false" group="3" id="13" sx="1.0" sy="1.0" x="268" y="364" z="0"/>
        <actor a="0.0" aid="6" c="false" group="3" id="15" sx="1.0" sy="1.0" x="530" y="88" z="1"/>
        <actor a="0.0" aid="7" c="false" group="3" id="15" sx="1.0" sy="1.0" x="408" y="319" z="1"/>
        <actor a="0.0" aid="8" c="false" group="3" id="15" sx="1.0" sy="1.0" x="90" y="233" z="1"/>
    </actors>
    <snippets>
        <s enabled="true" id="17">
            <prop id="1" list="0" val="false"/>
        </s>
        <s enabled="true" id="16">
            <prop id="1" list="0" val="false"/>
        </s>
        <s enabled="true" id="19">
            <prop id="1" list="0" val="false"/>
        </s>
        <s enabled="true" id="3"/>
        <s enabled="true" id="4">
            <prop id="1" list="0" val="15"/>
            <prop id="2" list="0" val="0"/>
            <prop id="3" list="0" val="false"/>
        </s>
        <s enabled="true" id="21">
            <prop id="1" list="0" val="false"/>
            <prop id="6" list="0" val="false"/>
            <prop id="7" list="0" val="false"/>
        </s>
        <s enabled="true" id="7">
            <prop id="1" list="0" val="false"/>
            <prop id="3" list="0" val="2"/>
            <prop id="4" list="0" val="4"/>
            <prop id="5" list="0" val="13"/>
            <prop id="6" list="0" val="1"/>
        </s>
        <s enabled="true" id="13">
            <prop id="1" list="0" val="0.0"/>
            <prop id="2" list="0" val="false"/>
        </s>
        <s enabled="true" id="15">
            <prop id="1" list="0" val="0"/>
        </s>
    </snippets>
    <terrain/>
</scene>
