<?xml version="1.0" encoding="UTF-8" standalone="no"?>
<pack>
    <snippet class="scripts.Design_0_0_ManPosition" desc="" description="" design="true" drawOrder="0" id="0" language="" name="ManPosition" oid="-1" package="scripts" scenespecific="false" shared="false" type="actor">
        <actor default="" desc="" dropdown="" fullname="Head" hidden="true" id="1" name="_Head" order="1"/>
        <actor default="" desc="" dropdown="" fullname="Body" hidden="true" id="2" name="_Body" order="2"/>
        <actor default="thisactor" desc="" dropdown="" fullname="Actor" hidden="true" id="2147483647" name="actor" order="0"/>
        <blocks/>
        <events/>
    </snippet>
    <snippet class="scripts.Design_1_1_WalkAround" desc="" description="" design="true" drawOrder="0" id="1" language="" name="WalkAround" oid="-1" package="scripts" scenespecific="false" shared="false" type="actor">
        <boolean default="false" desc="" dropdown="" fullname="selected" hidden="true" id="1" name="_selected" order="1"/>
        <number default="0" desc="" dropdown="" fullname="destx" hidden="true" id="2" name="_destx" order="2"/>
        <number default="0" desc="" dropdown="" fullname="desty" hidden="true" id="3" name="_desty" order="3"/>
        <number default="0" desc="" dropdown="" fullname="speed" hidden="false" id="4" name="_speed" order="4"/>
        <boolean default="false" desc="" dropdown="" fullname="moving" hidden="true" id="5" name="_moving" order="5"/>
        <number default="0" desc="" dropdown="" fullname="tolerance" hidden="false" id="6" name="_tolerance" order="6"/>
        <animation default="" desc="" dropdown="" fullname="NormalAnim" hidden="false" id="9" name="_NormalAnim" order="9"/>
        <actor default="thisactor" desc="" dropdown="" fullname="Actor" hidden="true" id="2147483647" name="actor" order="0"/>
        <blocks/>
        <events/>
    </snippet>
    <snippet class="scripts.Design_3_3_displayRule" desc="" description="" design="true" drawOrder="0" id="3" language="" name="displayRule" oid="-1" package="scripts" scenespecific="false" shared="false" type="scene">
        <blocks/>
        <events/>
    </snippet>
    <snippet class="scripts.Design_4_4_GameTimer" desc="" description="" design="true" drawOrder="0" id="4" language="" name="GameTimer" oid="-1" package="scripts" scenespecific="false" shared="false" type="scene">
        <number default="0.0" desc="" dropdown="" fullname="timePerLevel" hidden="false" id="1" name="_timePerLevel" order="0"/>
        <number default="0" desc="" dropdown="" fullname="currentTime" hidden="true" id="2" name="_currentTime" order="1"/>
        <boolean default="false" desc="" dropdown="" fullname="timeOver" hidden="true" id="3" name="_timeOver" order="2"/>
        <blocks/>
        <events/>
    </snippet>
    <snippet class="scripts.Design_7_7_checkRules" desc="" description="" design="true" drawOrder="0" id="7" language="" name="checkRules" oid="-1" package="scripts" scenespecific="false" shared="false" type="scene">
        <boolean default="false" desc="" dropdown="" fullname="rulesbroken" hidden="true" id="1" name="_rulesbroken" order="0"/>
        <actor default="" desc="" dropdown="" fullname="redSpot" hidden="false" id="3" name="_redSpot" order="1"/>
        <actor default="" desc="" dropdown="" fullname="blueSpot" hidden="false" id="4" name="_blueSpot" order="2"/>
        <actortype default="" desc="" dropdown="" fullname="greenboxes" hidden="false" id="5" name="_greenboxes" order="3"/>
        <actor default="" desc="" dropdown="" fullname="protahagonist" hidden="false" id="6" name="_protahagonist" order="4"/>
        <blocks/>
        <events/>
    </snippet>
    <snippet class="scripts.Design_8_8_ShowFailure" desc="" description="" design="true" drawOrder="0" id="8" language="" name="ShowFailure" oid="-1" package="scripts" scenespecific="false" shared="false" type="scene">
        <boolean default="false" desc="" dropdown="" fullname="slowly" hidden="false" id="1" name="_slowly" order="0"/>
        <blocks/>
        <events/>
    </snippet>
    <snippet class="scripts.Design_9_9" desc="" description="" design="true" drawOrder="0" id="9" language="" name="WalkAroundCopy" oid="-1" package="scripts" scenespecific="false" shared="false" type="actor">
        <boolean default="false" desc="" dropdown="" fullname="selected" hidden="true" id="1" name="_selected" order="1"/>
        <number default="0" desc="" dropdown="" fullname="destx" hidden="true" id="2" name="_destx" order="2"/>
        <number default="0" desc="" dropdown="" fullname="desty" hidden="true" id="3" name="_desty" order="3"/>
        <number default="0" desc="" dropdown="" fullname="speed" hidden="false" id="4" name="_speed" order="4"/>
        <boolean default="false" desc="" dropdown="" fullname="moving" hidden="true" id="5" name="_moving" order="5"/>
        <number default="0" desc="" dropdown="" fullname="tolerance" hidden="false" id="6" name="_tolerance" order="6"/>
        <animation default="" desc="" dropdown="" fullname="NormalAnim" hidden="false" id="9" name="_NormalAnim" order="9"/>
        <animation default="" desc="" dropdown="" fullname="SelectedAnim" hidden="false" id="10" name="_SelectedAnim" order="10"/>
        <actor default="thisactor" desc="" dropdown="" fullname="Actor" hidden="true" id="2147483647" name="actor" order="0"/>
        <blocks/>
        <events/>
    </snippet>
    <snippet class="scripts.Design_10_10" desc="" description="" design="true" drawOrder="0" id="10" language="" name="DotSensor" oid="-1" package="scripts" scenespecific="false" shared="false" type="actor">
        <boolean default="false" desc="" dropdown="" fullname="wasTouched" hidden="true" id="1" name="_wasTouched" order="1"/>
        <animation default="" desc="" dropdown="" fullname="touchedanim" hidden="false" id="2" name="_touchedanim" order="2"/>
        <animation default="" desc="" dropdown="" fullname="normalanim" hidden="false" id="3" name="_normalanim" order="3"/>
        <number default="0" desc="" dropdown="" fullname="ruleNumber" hidden="false" id="4" name="_ruleNumber" order="4"/>
        <boolean default="false" desc="" dropdown="" fullname="immediateFail" hidden="false" id="5" name="_immediateFail" order="5"/>
        <actor default="thisactor" desc="" dropdown="" fullname="Actor" hidden="true" id="2147483647" name="actor" order="0"/>
        <blocks/>
        <events/>
    </snippet>
    <snippet class="scripts.Design_11_11_StartInstructions" desc="" description="" design="true" drawOrder="0" id="11" language="" name="StartInstructions" oid="-1" package="scripts" scenespecific="false" shared="false" type="scene">
        <blocks/>
        <events/>
    </snippet>
    <snippet class="scripts.Design_12_12_Congratz" desc="" description="" design="true" drawOrder="0" id="12" language="" name="Congratz" oid="-1" package="scripts" scenespecific="false" shared="false" type="scene">
        <blocks/>
        <events/>
    </snippet>
    <snippet class="scripts.Design_13_13_chooseRule" desc="" description="" design="true" drawOrder="0" id="13" language="" name="chooseRule" oid="-1" package="scripts" scenespecific="false" shared="false" type="scene">
        <number default="0.0" desc="" dropdown="" fullname="ruleIndex" hidden="true" id="1" name="_ruleIndex" order="0"/>
        <boolean default="false" desc="" dropdown="" fullname="validSet" hidden="true" id="2" name="_validSet" order="1"/>
        <blocks/>
        <events/>
    </snippet>
    <snippet class="scripts.Design_14_14_NoStopRule" desc="" description="" design="true" drawOrder="0" id="14" language="" name="NoStopRule" oid="-1" package="scripts" scenespecific="false" shared="false" type="actor">
        <boolean default="false" desc="" dropdown="" fullname="ruleBroken" hidden="true" id="1" name="_ruleBroken" order="1"/>
        <boolean default="false" desc="" dropdown="" fullname="startedTracking" hidden="true" id="2" name="_startedTracking" order="2"/>
        <actor default="thisactor" desc="" dropdown="" fullname="Actor" hidden="true" id="2147483647" name="actor" order="0"/>
        <blocks/>
        <events/>
    </snippet>
    <snippet class="scripts.Design_15_15_mouserightrule" desc="" description="" design="true" drawOrder="0" id="15" language="" name="mouseleftrule" oid="-1" package="scripts" scenespecific="false" shared="false" type="scene">
        <number default="0.0" desc="" dropdown="" fullname="xofmouse" hidden="true" id="1" name="_xofmouse" order="0"/>
        <blocks/>
        <events/>
    </snippet>
    <snippet class="scripts.Design_17_17_oneClickPerSec" desc="" description="" design="true" drawOrder="0" id="17" language="" name="oneClickPerSec" oid="-1" package="scripts" scenespecific="false" shared="false" type="scene">
        <boolean default="false" desc="" dropdown="" fullname="clickedSoFar" hidden="true" id="1" name="_clickedSoFar" order="0"/>
        <blocks/>
        <events/>
    </snippet>
    <snippet class="scripts.Design_16_16_keyboardrule" desc="" description="" design="true" drawOrder="0" id="16" language="" name="keyboardrule" oid="-1" package="scripts" scenespecific="false" shared="false" type="scene">
        <boolean default="false" desc="" dropdown="" fullname="rulebroken" hidden="true" id="1" name="_rulebroken" order="0"/>
        <blocks/>
        <events/>
    </snippet>
    <snippet class="scripts.Design_19_19_mouseAway" desc="" description="" design="true" drawOrder="0" id="19" language="" name="mouseAway" oid="-1" package="scripts" scenespecific="false" shared="false" type="scene">
        <boolean default="false" desc="" dropdown="" fullname="rulebroken" hidden="true" id="1" name="_rulebroken" order="0"/>
        <blocks/>
        <events/>
    </snippet>
    <snippet class="scripts.Design_18_18_TouchTheLimit" desc="" description="" design="true" drawOrder="0" id="18" language="" name="TouchTheLimit" oid="-1" package="scripts" scenespecific="false" shared="false" type="actor">
        <boolean default="false" desc="" dropdown="" fullname="rulebroken" hidden="true" id="1" name="_rulebroken" order="1"/>
        <number default="0" desc="" dropdown="" fullname="tolerance" hidden="false" id="2" name="_tolerance" order="2"/>
        <actor default="thisactor" desc="" dropdown="" fullname="Actor" hidden="true" id="2147483647" name="actor" order="0"/>
        <blocks/>
        <events/>
    </snippet>
    <snippet class="scripts.Design_21_21_yellowRule" desc="" description="" design="true" drawOrder="0" id="21" language="" name="yellowRule" oid="-1" package="scripts" scenespecific="false" shared="false" type="scene">
        <boolean default="false" desc="" dropdown="" fullname="clickCorrect" hidden="true" id="1" name="_clickCorrect" order="0"/>
        <boolean default="false" desc="" dropdown="" fullname="ruleAchieved" hidden="true" id="6" name="_ruleAchieved" order="1"/>
        <boolean default="false" desc="" dropdown="" fullname="rulebroken" hidden="true" id="7" name="_rulebroken" order="2"/>
        <blocks/>
        <events/>
    </snippet>
    <snippet class="scripts.Design_20_20_YellowClick" desc="" description="" design="true" drawOrder="0" id="20" language="" name="YellowClick" oid="-1" package="scripts" scenespecific="false" shared="false" type="actor">
        <animation default="" desc="" dropdown="" fullname="clickedanim" hidden="false" id="1" name="_clickedanim" order="1"/>
        <boolean default="false" desc="" dropdown="" fullname="wasClicked" hidden="true" id="2" name="_wasClicked" order="2"/>
        <actor default="thisactor" desc="" dropdown="" fullname="Actor" hidden="true" id="2147483647" name="actor" order="0"/>
        <blocks/>
        <events/>
    </snippet>
    <snippet class="scripts.Design_22_22" desc="" description="" design="true" drawOrder="0" id="22" language="" name="NoUpRule" oid="-1" package="scripts" scenespecific="false" shared="false" type="actor">
        <boolean default="false" desc="" dropdown="" fullname="ruleBroken" hidden="true" id="1" name="_ruleBroken" order="1"/>
        <boolean default="false" desc="" dropdown="" fullname="startedTracking" hidden="true" id="2" name="_startedTracking" order="2"/>
        <number default="0" desc="" dropdown="" fullname="currentPos" hidden="true" id="3" name="_currentPos" order="3"/>
        <actor default="thisactor" desc="" dropdown="" fullname="Actor" hidden="true" id="2147483647" name="actor" order="0"/>
        <blocks/>
        <events/>
    </snippet>
</pack>
