<?xml version="1.0" encoding="UTF-8" standalone="no"?>
<pack>
    <snippet attachedevent="true" class="scripts.ActorEvents_1" desc="Actor Specific Events" description="Actor Specific Events" design="true" drawOrder="0" id="1" language="" name="ActorEvents_1" oid="-1" package="scripts." scenespecific="false" shared="false" type="actor">
        <blocks/>
        <events/>
    </snippet>
    <snippet attachedevent="true" class="scripts.ActorEvents_36" desc="Actor Specific Events" description="Actor Specific Events" design="true" drawOrder="0" id="32" language="" name="ActorEvents_36" oid="-1" package="scripts." scenespecific="false" shared="false" type="actor">
        <blocks/>
        <events/>
    </snippet>
    <snippet attachedevent="false" class="scripts.Design_2_2_AnimationManager" desc="This Behavior is responsible for keeping track of the current animation and overriding that animation (if appropriate) when a new animation request is made." description="This Behavior is responsible for keeping track of the current animation and overriding that animation (if appropriate) when a new animation request is made." design="true" drawOrder="0" id="2" language="" name="Animation Manager" oid="-1" package="" scenespecific="false" shared="false" type="actor">
        <boolean default="false" desc="" dropdown="" fullname="Playing One Time?" hidden="true" id="1" name="_PlayingOneTime" order="1"/>
        <text default="" desc="" dropdown="" fullname="Current Category" hidden="true" id="2" name="_CurrentCategory" order="2"/>
        <animation default="" desc="" dropdown="" fullname="Default Right Animation" hidden="false" id="3" name="_DefaultRightAnimation" order="4"/>
        <animation default="" desc="" dropdown="" fullname="Default Left Animation" hidden="false" id="4" name="_DefaultLeftAnimation" order="5"/>
        <list default="list" desc="Enter in a list of animation categories.&lt;br&gt;&#10;Animations that are higher up will override&lt;br&gt;&#10;the ones below it." dropdown="" fullname="Category Hierarchy" hidden="false" id="5" name="_CategoryHierarchy" order="3">
            <text order="0" value="Ground Pounding"/>
            <text order="1" value="Ducking"/>
            <text order="2" value="Wall Sliding"/>
            <text order="3" value="Falling"/>
            <text order="4" value="Wall Jumping"/>
            <text order="5" value="Air Jumping"/>
            <text order="6" value="Jumping"/>
            <text order="7" value="Running"/>
            <text order="8" value="Walking"/>
        </list>
        <boolean default="false" desc="" dropdown="" fullname="Current Index" hidden="true" id="6" name="_CurrentIndex" order="6"/>
        <boolean default="false" desc="" dropdown="" fullname="Requested Index" hidden="true" id="7" name="_RequestedIndex" order="7"/>
        <actor default="thisactor" desc="" dropdown="" fullname="Actor" hidden="true" id="2147483647" name="actor" order="0"/>
        <blocks>
            <receiver blockID="6" id="1"/>
            <receiver blockID="4" id="2"/>
            <receiver blockID="7" id="3"/>
            <receiver blockID="8" id="4"/>
            <receiver blockID="5" id="5"/>
            <receiver blockID="470" id="6"/>
            <receiver blockID="3" id="7"/>
        </blocks>
        <events/>
    </snippet>
    <snippet attachedevent="false" class="scripts.Design_38_38_begin" desc="" description="" design="true" drawOrder="0" id="38" language="" name="begin" oid="-1" package="scripts" scenespecific="false" shared="false" type="scene">
        <blocks/>
        <events>
            <event displayName="Drawing" enabled="true" id="2" name="draw" order="2" repeats="true"/>
            <event displayName="Keyboard" enabled="true" id="3" name="event-key-press-release" order="3" repeats="true"/>
        </events>
    </snippet>
    <snippet attachedevent="false" class="scripts.Design_5_5_Jumping" desc="This Behavior controls the player's jumping." description="This Behavior controls the player's jumping." design="true" drawOrder="0" id="5" language="" name="Jumping" oid="-1" package="" scenespecific="false" shared="false" type="actor">
        <boolean default="false" desc="" dropdown="" fullname="Key Released?" hidden="true" id="1" name="_KeyReleased" order="1"/>
        <boolean default="false" desc="" dropdown="" fullname="Can Jump?" hidden="true" id="2" name="_CanJump" order="2"/>
        <control default="" desc="Select the key used for jumping." dropdown="" fullname="Jump Key" hidden="false" id="3" name="_JumpKey" order="3"/>
        <number default="0.075" desc="Maximum amount of time that the&lt;br&gt;&#10;jump force will be applied when holding down the jump button.&lt;br&gt;&lt;br&gt;&#10;default = 0.075" dropdown="" fullname="Max Jump Time" hidden="false" id="8" name="_MaxJumpTime" order="5"/>
        <animation default="" desc="Animation used for jumping to the right." dropdown="" fullname="Jump Right Animation" hidden="false" id="12" name="_JumpRightAnimation" order="7"/>
        <animation default="" desc="Animation used for jumping to the left." dropdown="" fullname="Jump Left Animation" hidden="false" id="13" name="_JumpLeftAnimation" order="8"/>
        <boolean default="false" desc="" dropdown="" fullname="Prevent Jumping?" hidden="true" id="14" name="_PreventJumping" order="9"/>
        <number default="0" desc="" dropdown="" fullname="Elapsed Jump Time" hidden="true" id="15" name="_ElapsedJumpTime" order="10"/>
        <actor default="thisactor" desc="" dropdown="" fullname="Actor" hidden="true" id="2147483647" name="actor" order="0"/>
        <number default="0" desc="" dropdown="" fullname="oldY" hidden="true" id="17" name="_oldY" order="12"/>
        <number default="0" desc="" dropdown="" fullname="Current Jump Time" hidden="true" id="16" name="_CurrentJumpTime" order="11"/>
        <sound default="" desc="Sound to play when jumping." dropdown="" fullname="Jump Sound" hidden="false" id="19" name="_JumpSound" order="13"/>
        <number default="0.75" desc="When releasing the jump key before reaching the max&lt;br&gt;&#10;height, what is the rate of upward slowdown?&lt;br&gt;&lt;br&gt;&#10;default = 0.75" dropdown="" fullname="Jumping Slowdown" hidden="false" id="18" name="_JumpingSlowdown" order="6"/>
        <text default="Jumping" desc="Set the category used for the animation - used for the hierarchy." dropdown="" fullname="Animation Category" hidden="false" id="21" name="_AnimationCategory" order="14"/>
        <number default="35.0" desc="Amount of force applied when jumping.&lt;br&gt;&#10;Default = 35" dropdown="" fullname="Jump Force" hidden="false" id="20" name="_JumpForce" order="4"/>
        <blocks/>
        <events>
            <event displayName="Created" enabled="true" id="1" name="init" order="1" repeats="true"/>
            <event displayName="Updated" enabled="true" id="2" name="step" order="2" repeats="true"/>
        </events>
    </snippet>
    <snippet attachedevent="false" class="scripts.Design_36_36_changeOffscreen" desc="" description="" design="true" drawOrder="0" id="36" language="" name="changeOffscreen" oid="-1" package="scripts" scenespecific="false" shared="false" type="scene">
        <blocks/>
        <events>
            <event displayName="Created" enabled="true" id="1" name="init" order="1" repeats="true"/>
        </events>
    </snippet>
    <snippet attachedevent="false" class="scripts.Design_6_6_Slowdown" desc="This Behavior is responsible for slowing the player down when no direction keys are being pressed." description="This Behavior is responsible for slowing the player down when no direction keys are being pressed." design="true" drawOrder="0" id="6" language="" name="Slowdown" oid="-1" package="" scenespecific="false" shared="false" type="actor">
        <control default="" desc="Select the control used to move to the right." dropdown="" fullname="Right Key" hidden="false" id="1" name="_RightKey" order="1"/>
        <control default="" desc="Select the control used to move to the left." dropdown="" fullname="Left Key" hidden="false" id="2" name="_LeftKey" order="2"/>
        <number default="0.9" desc="Rate of slowdown while on the ground and movement keys are not being pressed.&lt;br&gt;&lt;br&gt;&#10;default = 0.9" dropdown="" fullname="Ground Slowdown" hidden="false" id="3" name="_GroundSlowdown" order="3"/>
        <number default="0.99" desc="Rate of slowdown while in the air.&lt;br&gt;&lt;br&gt;&#10;default = 0.99" dropdown="" fullname="Air Slowdown" hidden="false" id="4" name="_AirSlowdown" order="5"/>
        <number default="0.975" desc="Rate of slowdown while ducking.&lt;br&gt;&lt;br&gt;&#10;default = 0.975" dropdown="" fullname="Ducking Slowdown" hidden="false" id="5" name="_DuckingSlowdown" order="6"/>
        <number default="0.975" desc="Rate of slowdown while moving through the air.&lt;br&gt;&lt;br&gt;&#10;default = 0.975" dropdown="" fullname="Moving Air Slowdown" hidden="false" id="6" name="_MovingAirSlowdown" order="7"/>
        <number default="0.9" desc="Rate of slowdown while on the ground, a movement key is being pressed, and the Actor is over its max speed. This will slow the Actor back down to the max speed.&lt;br&gt;&lt;br&gt;&#10;default = 0.9" dropdown="" fullname="Moving Ground Slowdown" hidden="false" id="7" name="_MovingGroundSlowdown" order="4"/>
        <actor default="thisactor" desc="" dropdown="" fullname="Actor" hidden="true" id="2147483647" name="actor" order="0"/>
        <blocks/>
        <events/>
    </snippet>
    <snippet attachedevent="false" class="scripts.Design_37_37_CannotExitScene" desc="Prevent the actor from leaving the scene.&lt;br /&gt;&lt;br /&gt;&#10;The actor will still be able to leave the &lt;em&gt;screen&lt;/em&gt;, but it cannot leave the &lt;em&gt;scene&lt;/em&gt;." description="Prevent the actor from leaving the scene.&lt;br /&gt;&lt;br /&gt;&#10;The actor will still be able to leave the &lt;em&gt;screen&lt;/em&gt;, but it cannot leave the &lt;em&gt;scene&lt;/em&gt;." design="true" drawOrder="0" id="37" language="" name="Cannot Exit Sides" oid="-1" package="scripts" scenespecific="false" shared="false" type="actor">
        <number default="0.0" desc="" dropdown="" fullname="Bottom" hidden="true" id="2" name="_Bottom" order="2"/>
        <actor default="thisactor" desc="" dropdown="" fullname="Actor" hidden="true" id="2147483647" name="actor" order="0"/>
        <blocks/>
        <events>
            <event displayName="Updated" enabled="true" id="2" name="step" order="3" repeats="true"/>
        </events>
    </snippet>
    <snippet attachedevent="false" class="scripts.Design_7_7_OnGround" desc="This Behavior determines if the player is on the ground and sets an Actor Level Attribute as appropriate.  Other Behaviors can then use this Attribute to drive their logic." description="This Behavior determines if the player is on the ground and sets an Actor Level Attribute as appropriate.  Other Behaviors can then use this Attribute to drive their logic." design="true" drawOrder="0" id="7" language="" name="On Ground" oid="-1" package="" scenespecific="false" shared="false" type="actor">
        <boolean default="false" desc="" dropdown="" fullname="Hit Ground?" hidden="true" id="1" name="_HitGround" order="1"/>
        <boolean default="false" desc="Only detect that the player is on the ground if standing on a tile?" dropdown="" fullname="Limit To Tiles?" hidden="false" id="2" name="_LimitToTiles" order="2"/>
        <list default="list" desc="If not limited to tiles, enter in any Actor Group that you want to exclude from ground collisions." dropdown="" fullname="Excluded Groups" hidden="false" id="3" name="_ExcludedGroups" order="3"/>
        <actor default="thisactor" desc="" dropdown="" fullname="Actor" hidden="true" id="2147483647" name="actor" order="0"/>
        <blocks/>
        <events>
            <event displayName="Created" enabled="true" id="1" name="init" order="1" repeats="true"/>
            <event displayName="Updated" enabled="true" id="2" name="step" order="2" repeats="true"/>
            <event displayName="Actor - Any" enabled="true" id="3" name="collide" order="3" repeats="true"/>
        </events>
    </snippet>
    <snippet attachedevent="false" class="scripts.Design_8_8_AirJumping" desc="Also known as Double Jumping.  Allows the player to jump while in the air.&#10;&lt;br&gt;&lt;br&gt;&#10;Inputs:&lt;br&gt;&#10;   &quot;Is Jumping?&quot; -- Actor Level Attribute&lt;br&gt;&#10;Outputs:&lt;br&gt;&#10;   &quot;Is Air Jumping?&quot; -- Actor Level Attribute" description="Also known as Double Jumping.  Allows the player to jump while in the air.&#10;&lt;br&gt;&lt;br&gt;&#10;Inputs:&lt;br&gt;&#10;   &quot;Is Jumping?&quot; -- Actor Level Attribute&lt;br&gt;&#10;Outputs:&lt;br&gt;&#10;   &quot;Is Air Jumping?&quot; -- Actor Level Attribute" design="true" drawOrder="0" id="8" language="" name="Air Jumping" oid="-1" package="" scenespecific="false" shared="false" type="actor">
        <boolean default="false" desc="" dropdown="" fullname="Prevent Air Jump?" hidden="true" id="1" name="_PreventAirJump" order="1"/>
        <number default="0.0" desc="" dropdown="" fullname="Current Jumps" hidden="true" id="2" name="_CurrentJumps" order="2"/>
        <boolean default="false" desc="" dropdown="" fullname="Can Jump?" hidden="true" id="3" name="_CanJump" order="3"/>
        <number default="0" desc="" dropdown="" fullname="Elapsed Time" hidden="true" id="4" name="_ElapsedTime" order="4"/>
        <number default="0" desc="" dropdown="" fullname="Old Y" hidden="true" id="5" name="_OldY" order="5"/>
        <number default="999.0" desc="How many times can the actor jump in the&lt;br&gt;&#10;air before having to touch the ground?&#10;&lt;br&gt;&lt;br&gt;&#10;default = 999" dropdown="" fullname="Max Jumps" hidden="false" id="6" name="_MaxJumps" order="6"/>
        <control default="" desc="Select the key used for jumping." dropdown="" fullname="Jump Key" hidden="false" id="7" name="_JumpKey" order="7"/>
        <boolean default="false" desc="Does the Actor have to be moving upward&lt;br&gt;&#10;in order to air jump?" dropdown="" fullname="Must Be Rising?" hidden="false" id="8" name="_MustBeRising" order="8"/>
        <number default="50" desc="Amount of jump force to apply&lt;br&gt;&lt;br&gt;&#10;default = 50" dropdown="" fullname="Jump Force" hidden="false" id="9" name="_JumpForce" order="9"/>
        <animation default="" desc="Animation to use when air jumping to the right" dropdown="" fullname="Jump Right Animation" hidden="false" id="10" name="_JumpRightAnimation" order="10"/>
        <animation default="" desc="Animation to use when air jumping to the left" dropdown="" fullname="Jump Left Animation" hidden="false" id="11" name="_JumpLeftAnimation" order="11"/>
        <text default="Air Jumping" desc="Set the category used for the animation - used for the hierarchy." dropdown="" fullname="Animation Category" hidden="false" id="12" name="_AnimationCategory" order="12"/>
        <actor default="thisactor" desc="" dropdown="" fullname="Actor" hidden="true" id="2147483647" name="actor" order="0"/>
        <blocks>
            <receiver blockID="9" id="1"/>
        </blocks>
        <events/>
    </snippet>
    <snippet attachedevent="false" class="scripts.Design_11_11_Walking" desc="This Behavior will handle the player's walking movement while on the ground." description="This Behavior will handle the player's walking movement while on the ground." design="true" drawOrder="0" id="11" language="" name="Walking" oid="-1" package="" scenespecific="false" shared="false" type="actor">
        <control default="" desc="Select the key used to move to the right." dropdown="" fullname="Move Right Key" hidden="false" id="1" name="_MoveRightKey" order="3"/>
        <control default="" desc="Select the key used to move to the left." dropdown="" fullname="Move Left Key" hidden="false" id="2" name="_MoveLeftKey" order="4"/>
        <number default="85" desc="How fast should the Actor get up to speed?&#10;&lt;br&gt;&lt;br&gt;&#10;default = 85" dropdown="" fullname="Acceleration" hidden="false" id="3" name="_Acceleration" order="1"/>
        <number default="20.0" desc="Maximum speed while walking&lt;br&gt;&lt;br&gt;&#10;default = 20" dropdown="" fullname="Max Walking Speed" hidden="false" id="4" name="_MaxWalkingSpeed" order="2"/>
        <boolean default="false" desc="Should the speed of the Actor be limited to&lt;br&gt;&#10;the maximum speed specified?" dropdown="" fullname="Limit Speed?" hidden="false" id="5" name="_LimitSpeed" order="5"/>
        <animation default="" desc="" dropdown="" fullname="Walk Right Animation" hidden="false" id="6" name="_WalkRightAnimation" order="8"/>
        <animation default="" desc="" dropdown="" fullname="Walk Left Animation" hidden="false" id="7" name="_WalkLeftAnimation" order="9"/>
        <animation default="" desc="" dropdown="" fullname="Idle Right Animation" hidden="false" id="8" name="_IdleRightAnimation" order="6"/>
        <animation default="" desc="" dropdown="" fullname="Idle Left Animation" hidden="false" id="9" name="_IdleLeftAnimation" order="7"/>
        <boolean default="false" desc="" dropdown="" fullname="Prevent Walking?" hidden="true" id="10" name="_PreventWalking" order="10"/>
        <list default="list" desc="If any of these Actor attributes are set to True, disable walking." dropdown="" fullname="Disable Statuses" hidden="false" id="11" name="_DisableStatuses" order="12"/>
        <text default="Walking" desc="Set the category used for the animation - used for the hierarchy." dropdown="" fullname="Animation Category" hidden="false" id="12" name="_AnimationCategory" order="11"/>
        <actor default="thisactor" desc="" dropdown="" fullname="Actor" hidden="true" id="2147483647" name="actor" order="0"/>
        <blocks>
            <receiver blockID="12" id="1"/>
            <receiver blockID="15" id="2"/>
            <receiver blockID="17" id="3"/>
            <receiver blockID="11" id="4"/>
            <receiver blockID="16" id="5"/>
            <receiver blockID="14" id="6"/>
            <receiver blockID="10" id="7"/>
            <receiver blockID="13" id="8"/>
        </blocks>
        <events/>
    </snippet>
    <snippet attachedevent="false" class="scripts.Design_15_15_WrapAroundScene" desc="Make the actor appear on the opposite site of the scene when it leaves the scene." description="Make the actor appear on the opposite site of the scene when it leaves the scene." design="true" drawOrder="0" id="15" language="" name="Wrap Around Scene" oid="-1" package="scripts" scenespecific="false" shared="false" type="actor">
        <number default="16.0" desc="The x-component of how many pixels of the actor are still visible before it wraps around the scene, and the x-component of how many pixels will be visible after it wraps around the scene." dropdown="" fullname="Wrap X" hidden="false" id="3" name="_WrapX" order="1"/>
        <number default="16.0" desc="The y-component of how many pixels of the actor are still visible before it wraps around the scene, and the y-component of how many pixels will be visible after it wraps around the scene." dropdown="" fullname="Wrap Y" hidden="false" id="4" name="_WrapY" order="2"/>
        <actor default="thisactor" desc="" dropdown="" fullname="Actor" hidden="true" id="2147483647" name="actor" order="0"/>
        <blocks/>
        <events>
            <event displayName="Updated" enabled="true" id="2" name="step" order="3" repeats="true"/>
            <event displayName="Created" enabled="true" id="3" name="init" order="2" repeats="true"/>
        </events>
    </snippet>
    <snippet attachedevent="true" class="scripts.ActorEvents_20" desc="Actor Specific Events" description="Actor Specific Events" design="true" drawOrder="0" id="17" language="" name="ActorEvents_20" oid="-1" package="scripts." scenespecific="false" shared="false" type="actor">
        <blocks/>
        <events/>
    </snippet>
    <snippet attachedevent="false" class="scripts.Design_16_16_CameraFollow" desc="Attach to an actor to make the camera follow it. You can then specify the speed at which the camera should &quot;scroll&quot; towards the actor." description="Attach to an actor to make the camera follow it. You can then specify the speed at which the camera should &quot;scroll&quot; towards the actor." design="true" drawOrder="0" id="16" language="" name="Camera Follow" oid="-1" package="scripts" scenespecific="false" shared="false" type="actor">
        <number default="0.0" desc="INTERNAL ATTRIBUTE: The x-position that the camera should be." dropdown="" fullname="intendedCameraX" hidden="true" id="1" name="_intendedCameraX" order="7"/>
        <number default="0.0" desc="INTERNAL ATTRIBUTE: The y-position that the camera should be." dropdown="" fullname="intendedCameraY" hidden="true" id="4" name="_intendedCameraY" order="8"/>
        <number default="0.0" desc="INTERNAL ATTRIBUTE: The current x-position of the camera." dropdown="" fullname="currentCameraX" hidden="true" id="6" name="_currentCameraX" order="5"/>
        <number default="0.0" desc="INTERNAL ATTRIBUTE: The current y-position of the camera." dropdown="" fullname="currentCameraY" hidden="true" id="8" name="_currentCameraY" order="6"/>
        <number default="0.0" desc="The speed, in pixels per frame, that the camera should scroll by following the actor. Leave as 0 to indicate an instant jump." dropdown="" fullname="Scroll Speed" hidden="false" id="9" name="_ScrollSpeed" order="4"/>
        <actor default="thisactor" desc="" dropdown="" fullname="Actor" hidden="true" id="2147483647" name="actor" order="0"/>
        <blocks/>
        <events>
            <event displayName="Updated" enabled="true" id="1" name="step" order="2" repeats="true"/>
            <event displayName="Created" enabled="true" id="2" name="init" order="1" repeats="true"/>
        </events>
    </snippet>
    <snippet attachedevent="true" class="scripts.ActorEvents_22" desc="Actor Specific Events" description="Actor Specific Events" design="true" drawOrder="0" id="18" language="" name="ActorEvents_22" oid="-1" package="scripts." scenespecific="false" shared="false" type="actor">
        <blocks/>
        <events/>
    </snippet>
    <snippet attachedevent="false" class="scripts.Design_21_21_XPmng" desc="" description="" design="true" drawOrder="0" id="21" language="" name="XPmng" oid="-1" package="scripts" scenespecific="false" shared="false" type="actor">
        <number default="0" desc="" dropdown="" fullname="XPcount" hidden="true" id="1" name="_XPcount" order="1"/>
        <number default="0" desc="" dropdown="" fullname="LastXPCount" hidden="true" id="2" name="_LastXPCount" order="2"/>
        <number default="0" desc="" dropdown="" fullname="lastXP" hidden="true" id="3" name="_lastXP" order="3"/>
        <boolean default="false" desc="" dropdown="" fullname="showXP" hidden="true" id="4" name="_showXP" order="4"/>
        <number default="0" desc="" dropdown="" fullname="animPos" hidden="true" id="5" name="_animPos" order="5"/>
        <number default="0" desc="" dropdown="" fullname="XPinc" hidden="true" id="6" name="_XPinc" order="6"/>
        <actor default="thisactor" desc="" dropdown="" fullname="Actor" hidden="true" id="2147483647" name="actor" order="0"/>
        <blocks/>
        <events>
            <event displayName="Updated" enabled="true" id="1" name="step" order="1" repeats="true"/>
            <event displayName="Drawing" enabled="true" id="2" name="draw" order="2" repeats="true"/>
            <event displayName="Created" enabled="true" id="3" name="init" order="3" repeats="true"/>
        </events>
    </snippet>
    <snippet attachedevent="true" class="scripts.ActorEvents_26" desc="Actor Specific Events" description="Actor Specific Events" design="true" drawOrder="0" id="23" language="" name="ActorEvents_26" oid="-1" package="scripts." scenespecific="false" shared="false" type="actor">
        <blocks/>
        <events/>
    </snippet>
    <snippet attachedevent="true" class="scripts.ActorEvents_24" desc="Actor Specific Events" description="Actor Specific Events" design="true" drawOrder="0" id="22" language="" name="ActorEvents_24" oid="-1" package="scripts." scenespecific="false" shared="false" type="actor">
        <blocks/>
        <events/>
    </snippet>
    <snippet attachedevent="true" class="scripts.ActorEvents_28" desc="Actor Specific Events" description="Actor Specific Events" design="true" drawOrder="0" id="24" language="" name="ActorEvents_28" oid="-1" package="scripts." scenespecific="false" shared="false" type="actor">
        <blocks/>
        <events/>
    </snippet>
    <snippet attachedevent="false" class="scripts.Design_29_29_liftBox" desc="" description="" design="true" drawOrder="0" id="29" language="" name="liftBox" oid="-1" package="scripts" scenespecific="false" shared="false" type="actor">
        <boolean default="false" desc="" dropdown="" fullname="spacePressed" hidden="true" id="1" name="_spacePressed" order="1"/>
        <actor default="" desc="" dropdown="" fullname="touchedBox" hidden="true" id="2" name="_touchedBox" order="2"/>
        <number default="0" desc="" dropdown="" fullname="touchPosition" hidden="true" id="3" name="_touchPosition" order="3"/>
        <number default="0" desc="" dropdown="" fullname="tmp1" hidden="true" id="4" name="_tmp1" order="4"/>
        <number default="0" desc="" dropdown="" fullname="tmp2" hidden="true" id="5" name="_tmp2" order="5"/>
        <number default="0" desc="" dropdown="" fullname="tolerance" hidden="false" id="6" name="_tolerance" order="6"/>
        <actor default="" desc="" dropdown="" fullname="myself" hidden="true" id="7" name="_myself" order="7"/>
        <number default="0" desc="" dropdown="" fullname="liftPercent" hidden="true" id="8" name="_liftPercent" order="8"/>
        <number default="0" desc="" dropdown="" fullname="tiredPercent" hidden="true" id="9" name="_tiredPercent" order="9"/>
        <boolean default="false" desc="" dropdown="" fullname="decreasingBar" hidden="true" id="12" name="_decreasingBar" order="10"/>
        <region default="" desc="" dropdown="" fullname="playerArea" hidden="true" id="13" name="_playerArea" order="11"/>
        <number default="0" desc="" dropdown="" fullname="originalOrientation" hidden="true" id="14" name="_originalOrientation" order="12"/>
        <actor default="thisactor" desc="" dropdown="" fullname="Actor" hidden="true" id="2147483647" name="actor" order="0"/>
        <blocks>
            <receiver blockID="31" id="1"/>
            <receiver blockID="32" id="2"/>
            <receiver blockID="33" id="3"/>
            <receiver blockID="34" id="4"/>
            <receiver blockID="35" id="5"/>
            <receiver blockID="38" id="6"/>
            <receiver blockID="39" id="7"/>
            <receiver blockID="40" id="8"/>
            <receiver blockID="41" id="9"/>
            <receiver blockID="42" id="10"/>
            <receiver blockID="43" id="11"/>
        </blocks>
        <events>
            <event displayName="SpacePressed" enabled="true" id="1" name="event-key-press-release" order="4" repeats="true"/>
            <event displayName="SpaceReleased" enabled="true" id="2" name="event-key-press-release" order="5" repeats="true"/>
            <event displayName="TouchBox" enabled="true" id="3" name="event-collide-actortogroup" order="7" repeats="true"/>
            <event displayName="StillTouching" enabled="true" id="4" name="event-custom-block" order="8" repeats="true"/>
            <event displayName="NumbersClose" enabled="true" id="5" name="event-custom-block" order="11" repeats="true"/>
            <event displayName="RangesContained" enabled="true" id="6" name="event-custom-block" order="12" repeats="true"/>
            <event displayName="Drawing" enabled="true" id="7" name="draw" order="3" repeats="true"/>
            <event displayName="Created" enabled="true" id="8" name="init" order="1" repeats="true"/>
            <event displayName="ManageBar" enabled="true" id="9" name="event-custom-block" order="13" repeats="true"/>
            <event displayName="Updated" enabled="true" id="10" name="step" order="2" repeats="true"/>
            <event displayName="ManageThrow" enabled="true" id="11" name="event-custom-block" order="15" repeats="true"/>
            <event displayName="Keyboard" enabled="true" id="12" name="event-key-press-release" order="6" repeats="true"/>
            <event displayName="ManageCarry" enabled="true" id="13" name="event-custom-block" order="16" repeats="true"/>
            <event displayName="SetTouchedBox" enabled="true" id="15" name="event-custom-block" order="9" repeats="true"/>
            <event displayName="ManageSlowdown" enabled="true" id="17" name="event-custom-block" order="17" repeats="true"/>
            <event displayName="ResetTouchedBox" enabled="true" id="16" name="event-custom-block" order="10" repeats="true"/>
        </events>
    </snippet>
    <snippet attachedevent="false" class="scripts.Design_31_31_isLifted" desc="" description="" design="true" drawOrder="0" id="31" language="" name="isLifted" oid="-1" package="scripts" scenespecific="false" shared="false" type="actor">
        <number default="0" desc="" dropdown="" fullname="weight" hidden="false" id="1" name="_weight" order="2"/>
        <animation default="" desc="" dropdown="" fullname="fallingAnim" hidden="false" id="3" name="_fallingAnim" order="1"/>
        <boolean default="false" desc="" dropdown="" fullname="goRight" hidden="true" id="4" name="_goRight" order="4"/>
        <number default="0.0" desc="" dropdown="" fullname="xpval" hidden="false" id="5" name="_xpval" order="3"/>
        <actor default="thisactor" desc="" dropdown="" fullname="Actor" hidden="true" id="2147483647" name="actor" order="0"/>
        <blocks/>
        <events>
            <event displayName="Created" enabled="true" id="1" name="init" order="1" repeats="true"/>
            <event displayName="Launch" enabled="true" id="2" name="event-custom" order="2" repeats="true"/>
            <event displayName="ManageFall" enabled="true" id="3" name="step" order="3" repeats="true"/>
        </events>
    </snippet>
    <snippet attachedevent="true" class="scripts.SceneEvents_1" desc="Scene Specific Events" description="Scene Specific Events" design="true" drawOrder="0" id="30" language="" name="SceneEvents_1" oid="-1" package="scripts." sceneid="1" scenespecific="true" shared="false" type="scene">
        <blocks/>
        <events/>
    </snippet>
</pack>
