<?xml version="1.0" encoding="UTF-8" standalone="no"?>
<pack>
    <custom-block blocktag="custom-58" blocktype="ACTION" code="sayToScene(&quot;Set Box&quot;, &quot;&quot;);" desc="" global="false" gui="Missing" id="58" message="" name="" oid="-1" return="VOID" shared="false" snippetID="-1"/>
    <custom-block blocktag="custom-50" blocktype="ACTION" code="sayToScene(&quot;Camera Manager&quot;, &quot;ActivateZoomCam&quot;, ~);" desc="" global="false" gui="Set Activate Zoom Camera to %0" id="50" message="ActivateZoomCam" name="ActivateZoomCam" oid="-1" return="VOID" shared="false" snippetID="-1">
        <blank name="Status" order="0" type="BOOLEAN"/>
    </custom-block>
    <custom-block blocktag="custom-12" blocktype="NORMAL" code="Boolean((~.say(&quot;Walking&quot;, &quot;AtMaxWalkingSpeed&quot;)))" desc="" global="false" gui="%0 At Max Walking Speed" id="12" message="AtMaxWalkingSpeed" name="AtMaxWalkingSpeed" oid="-1" return="BOOLEAN" shared="false" snippetID="11">
        <blank name="Self" order="0" type="ACTOR"/>
    </custom-block>
    <actor adamp="0.012" ascale="true" atlasID="0" bodytype="2" continuous="true" desc="" eventsnippetid="17" fixedrot="false" fric="1.0" gid="4" id="20" ignoreg="false" inertia="10.0" ldamp="0.0" lw="false" mass="5.0" name="box1" oid="-1" pausable="true" rest="0.0" shared="false" sprite="21" static="false" touchable="true">
        <snippets>
            <s enabled="true" id="37">
                <prop id="2" list="0" val="0.0"/>
                <prop id="2147483647" list="0" val="thisactor"/>
            </s>
            <s enabled="true" id="31">
                <prop id="1" list="0" val="3"/>
                <prop id="2" list="0" val="false"/>
                <prop id="3" list="0" val="Animation 3"/>
                <prop id="4" list="0" val="false"/>
                <prop id="5" list="0" val="700"/>
                <prop id="2147483647" list="0" val="thisactor"/>
            </s>
        </snippets>
    </actor>
    <sprite atlasID="0" default="2" desc="" height="48" id="21" name="box1" shared="false" width="48">
        <anim across="1" atlasID="-1" down="1" durations="100" height="48" id="2" loop="true" name="Animation 2" numframes="1" originx="24" originy="24" width="48">
            <poly data="4,0,0,48,0,48,48,0,48" density="0.1" fric="0.2" gid="-1000" id="0" name="Animation 2" rest="0.0" sensor="false"/>
        </anim>
        <anim across="1" atlasID="-1" down="1" durations="100" height="48" id="3" loop="true" name="Animation 3" numframes="1" originx="24" originy="24" width="48">
            <poly data="4,0,0,48,0,48,48,0,48" density="0.1" fric="0.2" gid="5" id="0" name="Animation 3" rest="0.0" sensor="false"/>
        </anim>
    </sprite>
    <actor adamp="0.035" ascale="true" atlasID="0" bodytype="2" continuous="true" desc="" eventsnippetid="18" fixedrot="false" fric="1.0" gid="4" id="22" ignoreg="false" inertia="5.0" ldamp="0.0" lw="false" mass="10.0" name="box2" oid="-1" pausable="true" rest="0.0" shared="false" sprite="23" static="false" touchable="true">
        <snippets>
            <s enabled="true" id="37">
                <prop id="2" list="0" val="0.0"/>
                <prop id="2147483647" list="0" val="thisactor"/>
            </s>
            <s enabled="true" id="31">
                <prop id="1" list="0" val="12"/>
                <prop id="2" list="0" val="false"/>
                <prop id="3" list="0" val="Animation 3"/>
                <prop id="4" list="0" val="false"/>
                <prop id="5" list="0" val="2000"/>
                <prop id="2147483647" list="0" val="thisactor"/>
            </s>
        </snippets>
    </actor>
    <sprite atlasID="0" default="2" desc="" height="96" id="23" name="box2" shared="false" width="96">
        <anim across="1" atlasID="-1" down="1" durations="100" height="96" id="2" loop="true" name="Animation 2" numframes="1" originx="48" originy="48" width="96">
            <poly data="4,0,0,96,0,96,96,0,96" density="0.1" fric="0.2" gid="-1000" id="0" name="Animation 2" rest="0.0" sensor="false"/>
        </anim>
        <anim across="1" atlasID="-1" down="1" durations="100" height="96" id="3" loop="true" name="Animation 3" numframes="1" originx="48" originy="48" width="96">
            <poly data="4,0,0,96,0,96,96,0,96" density="0.1" fric="0.2" gid="5" id="0" name="Animation 3" rest="0.0" sensor="false"/>
        </anim>
    </sprite>
    <actor adamp="0.0" ascale="true" atlasID="0" bodytype="2" continuous="true" desc="" eventsnippetid="22" fixedrot="false" fric="1.0" gid="4" id="24" ignoreg="false" inertia="1.0" ldamp="0.0" lw="false" mass="1.8" name="box3" oid="-1" pausable="true" rest="0.0" shared="false" sprite="25" static="false" touchable="true">
        <snippets>
            <s enabled="true" id="37">
                <prop id="2" list="0" val="0.0"/>
                <prop id="2147483647" list="0" val="thisactor"/>
            </s>
            <s enabled="true" id="31">
                <prop id="1" list="0" val="0.8"/>
                <prop id="2" list="0" val="false"/>
                <prop id="3" list="0" val="Animation 5"/>
                <prop id="4" list="0" val="false"/>
                <prop id="5" list="0" val="100"/>
                <prop id="2147483647" list="0" val="thisactor"/>
            </s>
        </snippets>
    </actor>
    <sprite atlasID="0" default="4" desc="" height="16" id="25" name="box3" shared="false" width="16">
        <anim across="1" atlasID="-1" down="1" durations="100" height="16" id="4" loop="true" name="Animation 4" numframes="1" originx="8" originy="8" width="16">
            <poly data="4,0,0,16,0,16,16,0,16" density="0.1" fric="0.2" gid="-1000" id="0" name="Animation 4" rest="0.0" sensor="false"/>
        </anim>
        <anim across="1" atlasID="-1" down="1" durations="100" height="16" id="5" loop="true" name="Animation 5" numframes="1" originx="8" originy="8" width="16">
            <poly data="4,0,0,16,0,16,16,0,16" density="0.1" fric="0.2" gid="5" id="0" name="Animation 5" rest="0.0" sensor="false"/>
        </anim>
    </sprite>
    <actor adamp="0.001" ascale="true" atlasID="0" bodytype="2" continuous="true" desc="" eventsnippetid="23" fixedrot="false" fric="1.0" gid="4" id="26" ignoreg="false" inertia="2.0" ldamp="0.0" lw="false" mass="3.0" name="box4" oid="-1" pausable="true" rest="0.0" shared="false" sprite="27" static="false" touchable="true">
        <snippets>
            <s enabled="true" id="37">
                <prop id="2" list="0" val="0.0"/>
                <prop id="2147483647" list="0" val="thisactor"/>
            </s>
            <s enabled="true" id="31">
                <prop id="1" list="0" val="0.2"/>
                <prop id="2" list="0" val="false"/>
                <prop id="3" list="0" val="Animation 3"/>
                <prop id="4" list="0" val="false"/>
                <prop id="5" list="0" val="25"/>
                <prop id="2147483647" list="0" val="thisactor"/>
            </s>
        </snippets>
    </actor>
    <sprite atlasID="0" default="2" desc="" height="8" id="27" name="box4" shared="false" width="8">
        <anim across="1" atlasID="-1" down="1" durations="100" height="8" id="2" loop="true" name="Animation 2" numframes="1" originx="4" originy="4" width="8">
            <poly data="4,0,0,8,0,8,8,0,8" density="0.1" fric="0.2" gid="-1000" id="0" name="Animation 2" rest="0.0" sensor="false"/>
        </anim>
        <anim across="1" atlasID="-1" down="1" durations="100" height="8" id="3" loop="true" name="Animation 3" numframes="1" originx="4" originy="4" width="8">
            <poly data="4,0,0,8,0,8,8,0,8" density="0.1" fric="0.2" gid="5" id="0" name="Animation 3" rest="0.0" sensor="false"/>
        </anim>
    </sprite>
    <actor adamp="0.014" ascale="true" atlasID="0" bodytype="2" continuous="true" desc="" eventsnippetid="24" fixedrot="false" fric="1.0" gid="4" id="28" ignoreg="false" inertia="12.0" ldamp="0.943" lw="false" mass="25.0" name="box5" oid="-1" pausable="true" rest="0.0" shared="false" sprite="29" static="false" touchable="true">
        <snippets>
            <s enabled="true" id="37">
                <prop id="2" list="0" val="0.0"/>
                <prop id="2147483647" list="0" val="thisactor"/>
            </s>
            <s enabled="true" id="31">
                <prop id="1" list="0" val="26"/>
                <prop id="2" list="0" val="false"/>
                <prop id="3" list="0" val="Animation 3"/>
                <prop id="4" list="0" val="false"/>
                <prop id="5" list="0" val="3720"/>
                <prop id="2147483647" list="0" val="thisactor"/>
            </s>
        </snippets>
    </actor>
    <sprite atlasID="0" default="2" desc="" height="128" id="29" name="box5" shared="false" width="128">
        <anim across="1" atlasID="-1" down="1" durations="100" height="128" id="2" loop="true" name="Animation 2" numframes="1" originx="64" originy="64" width="128">
            <poly data="4,0,0,128,0,128,128,0,128" density="0.1" fric="0.2" gid="-1000" id="1" name="Box" rest="0.0" sensor="false"/>
            <poly data="8,0,8,0,120,8,128,120,128,128,120,128,8,120,0,8,0" density="0.1" fric="0.2" gid="-1000" id="2" name="" rest="0.0" sensor="false"/>
        </anim>
        <anim across="1" atlasID="-1" down="1" durations="100" height="128" id="3" loop="true" name="Animation 3" numframes="1" originx="64" originy="64" width="128">
            <poly data="4,0,0,128,0,128,128,0,128" density="0.1" fric="0.2" gid="5" id="0" name="Animation 3" rest="0.0" sensor="false"/>
        </anim>
    </sprite>
    <sprite atlasID="0" default="0" desc="" height="32" id="37" name="box6" shared="false" width="32">
        <anim across="1" atlasID="-1" down="1" durations="100" height="32" id="0" loop="true" name="Animation 0" numframes="1" originx="16" originy="16" width="32">
            <poly data="4,0,0,32,0,32,32,0,32" density="0.1" fric="0.2" gid="-1000" id="0" name="Animation 0" rest="0.0" sensor="false"/>
            <poly data="8,0,4,0,28,4,32,28,32,32,28,32,4,28,0,4,0" density="0.1" fric="0.2" gid="-1000" id="1" name="" rest="0.0" sensor="false"/>
        </anim>
        <anim across="1" atlasID="-1" down="1" durations="100" height="32" id="1" loop="true" name="empty" numframes="1" originx="16" originy="16" width="32">
            <poly data="4,0,0,32,0,32,32,0,32" density="0.1" fric="0.2" gid="5" id="0" name="Animation 1" rest="0.0" sensor="false"/>
        </anim>
    </sprite>
    <actor adamp="0.019" ascale="true" atlasID="0" bodytype="2" continuous="true" desc="" eventsnippetid="32" fixedrot="false" fric="1.0" gid="4" id="36" ignoreg="false" inertia="1.0" ldamp="0.0" lw="false" mass="300.0" name="box6" oid="-1" pausable="true" rest="0.0" shared="false" sprite="37" static="false" touchable="true">
        <snippets>
            <s enabled="true" id="37">
                <prop id="2" list="0" val="0.0"/>
                <prop id="2147483647" list="0" val="thisactor"/>
            </s>
            <s enabled="true" id="31">
                <prop id="1" list="0" val="2.5"/>
                <prop id="2" list="0" val="false"/>
                <prop id="3" list="0" val="empty"/>
                <prop id="4" list="0" val="false"/>
                <prop id="5" list="0" val="450"/>
                <prop id="2147483647" list="0" val="thisactor"/>
            </s>
        </snippets>
    </actor>
    <custom-block blocktag="custom-5" blocktype="NORMAL" code="Boolean((~.say(&quot;Animation Manager&quot;, &quot;CategorySameAs&quot;, ~)))" desc="" global="false" gui="Current Category Same As %1" id="5" message="CategorySameAs" name="CategorySameAs" oid="-1" return="BOOLEAN" shared="false" snippetID="2">
        <blank name="Self" order="0" type="ACTOR"/>
        <blank name="CheckCategory" order="1" type="TEXT"/>
    </custom-block>
    <custom-block blocktag="custom-49" blocktype="ACTION" code="sayToScene(&quot;Camera Manager&quot;, &quot;CenterCamera&quot;, ~,~);" desc="" global="false" gui="Center Camera On X %0 Y %1" id="49" message="CenterCamera" name="CenterCamera" oid="-1" return="VOID" shared="false" snippetID="-1">
        <blank name="X" order="0" type="NUMBER"/>
        <blank name="Y" order="1" type="NUMBER"/>
    </custom-block>
    <custom-block blocktag="custom-32" blocktype="NORMAL" code="Boolean((~.say(&quot;liftBox&quot;, &quot;checkBlockTouch&quot;)))" desc="" global="false" gui="still touching a block?" id="32" message="checkBlockTouch" name="checkBlockTouch" oid="-1" return="BOOLEAN" shared="false" snippetID="29">
        <blank name="Self" order="0" type="ACTOR"/>
    </custom-block>
    <custom-block blocktag="custom-3" blocktype="ACTION" code="~.say(&quot;Animation Manager&quot;, &quot;ClearAnimCat&quot;, ~);" desc="" global="false" gui="Clear Current Anim Category If Same As %1" id="3" message="ClearAnimCat" name="ClearAnimCat" oid="-1" return="VOID" shared="false" snippetID="2">
        <blank name="Self" order="0" type="ACTOR"/>
        <blank name="ChkCat" order="1" type="TEXT"/>
    </custom-block>
    <custom-block blocktag="custom-7" blocktype="ACTION" code="~.say(&quot;Animation Manager&quot;, &quot;ClearCat&quot;);" desc="" global="false" gui="Clear Current Animation for %0" id="7" message="ClearCat" name="ClearCat" oid="-1" return="VOID" shared="false" snippetID="2">
        <blank name="Self" order="0" type="ACTOR"/>
    </custom-block>
    <tileset across="1" atlasID="0" desc="" down="1" id="64" name="cloud" oid="-1" shared="false" th="64" tw="64">
        <tile collision="-1" data="" durations="100" frames="0" id="1" order="-1"/>
    </tileset>
    <custom-block blocktag="custom-33" blocktype="NORMAL" code="Boolean((~.say(&quot;liftBox&quot;, &quot;compareValues&quot;, ~,~)))" desc="" global="false" gui="%1 close to %2?" id="33" message="compareValues" name="compareValues" oid="-1" return="BOOLEAN" shared="false" snippetID="29">
        <blank name="Self" order="0" type="ACTOR"/>
        <blank name="value1" order="1" type="NUMBER"/>
        <blank name="value2" order="2" type="NUMBER"/>
    </custom-block>
    <custom-block blocktag="custom-62" blocktype="ACTION" code="sayToScene(&quot;Set Box&quot;, &quot;fillLevel&quot;);" desc="" global="false" gui="fill level" id="62" message="fillLevel" name="fillLevel" oid="-1" return="VOID" shared="false" snippetID="-1"/>
    <tileset across="1" atlasID="0" desc="" down="1" id="57" name="floor" oid="-1" shared="false" th="64" tw="64">
        <tile collision="1" data="" durations="100" frames="0" id="0" order="-1"/>
    </tileset>
    <custom-block blocktag="custom-60" blocktype="ACTION" code="sayToScene(&quot;Set Box&quot;, &quot;generate&quot;, ~,~,~);" desc="" global="false" gui="generate size %0 at %1 %2" id="60" message="generate" name="generate" oid="-1" return="VOID" shared="false" snippetID="-1">
        <blank name="sizeIndex" order="0" type="NUMBER"/>
        <blank name="initialX" order="1" type="NUMBER"/>
        <blank name="initialY" order="2" type="NUMBER"/>
    </custom-block>
    <custom-block blocktag="custom-8" blocktype="NORMAL" code="String((~.say(&quot;Animation Manager&quot;, &quot;GetCat&quot;)))" desc="" global="false" gui="Current Animation Category for %0" id="8" message="GetCat" name="GetCat" oid="-1" return="TEXT" shared="false" snippetID="2">
        <blank name="Self" order="0" type="ACTOR"/>
    </custom-block>
    <custom-block blocktag="custom-16" blocktype="NORMAL" code="Number((~.say(&quot;Walking&quot;, &quot;GetMaxWalkSpeed&quot;)))" desc="" global="false" gui="Get Max Walk Speed for %0" id="16" message="GetMaxWalkSpeed" name="GetMaxWalkSpeed" oid="-1" return="NUMBER" shared="false" snippetID="11">
        <blank name="Self" order="0" type="ACTOR"/>
    </custom-block>
    <custom-block blocktag="custom-45" blocktype="NORMAL" code="((sayToScene(&quot;Camera Manager&quot;, &quot;getPartialScreen&quot;, ~,~,~,~,~)))" desc="" global="false" gui="Get Partial Screen Image at X %0 Y %1 W %2 H %3 Zoom Scale %4" id="45" message="getPartialScreen" name="getPartialScreen" oid="-1" return="OBJECT" shared="false" snippetID="-1">
        <blank name="ZoomX" order="0" type="NUMBER"/>
        <blank name="ZoomY" order="1" type="NUMBER"/>
        <blank name="Width" order="2" type="NUMBER"/>
        <blank name="Height" order="3" type="NUMBER"/>
        <blank name="ZoomLevel" order="4" type="NUMBER"/>
    </custom-block>
    <custom-block blocktag="custom-46" blocktype="NORMAL" code="((sayToScene(&quot;Camera Manager&quot;, &quot;getScreenImage&quot;, ~,~,~)))" desc="" global="false" gui="Get Screen Image at X %0 Y %1 Using Scale %2" id="46" message="getScreenImage" name="getScreenImage" oid="-1" return="OBJECT" shared="false" snippetID="-1">
        <blank name="ZoomX" order="0" type="NUMBER"/>
        <blank name="ZoomY" order="1" type="NUMBER"/>
        <blank name="ZoomScale" order="2" type="NUMBER"/>
    </custom-block>
    <custom-block blocktag="custom-17" blocktype="NORMAL" code="Number((~.say(&quot;Walking&quot;, &quot;GetWalkAccel&quot;)))" desc="" global="false" gui="Get Walk Accel for %0" id="17" message="GetWalkAccel" name="GetWalkAccel" oid="-1" return="NUMBER" shared="false" snippetID="11">
        <blank name="Self" order="0" type="ACTOR"/>
    </custom-block>
    <custom-block blocktag="custom-47" blocktype="NORMAL" code="Number((sayToScene(&quot;Camera Manager&quot;, &quot;GetZoomLevel&quot;)))" desc="" global="false" gui="Get Current Zoom Level" id="47" message="GetZoomLevel" name="GetZoomLevel" oid="-1" return="NUMBER" shared="false" snippetID="-1"/>
    <custom-block blocktag="custom-53" blocktype="ACTION" code="sayToScene(&quot;Set Box&quot;, &quot;Initialize&quot;, ~,~);" desc="" global="false" gui="initialize %0 with size %1" id="53" message="Initialize" name="Initialize" oid="-1" return="VOID" shared="false" snippetID="-1">
        <blank name="newBox" order="0" type="ACTOR"/>
        <blank name="sizeIndex" order="1" type="NUMBER"/>
    </custom-block>
    <custom-block blocktag="custom-10" blocktype="ACTION" code="~.say(&quot;Walking&quot;, &quot;LimitSpeed&quot;, ~);" desc="" global="false" gui="Set Limit Speed for %0 to %1" id="10" message="LimitSpeed" name="LimitSpeed" oid="-1" return="VOID" shared="false" snippetID="11">
        <blank name="Self" order="0" type="ACTOR"/>
        <blank name="Limit" order="1" type="BOOLEAN"/>
    </custom-block>
    <custom-block blocktag="custom-4" blocktype="ACTION" code="~.say(&quot;Animation Manager&quot;, &quot;LoopAnim&quot;, ~,~);" desc="" global="false" gui="Loop %1 for %0 Using %2" id="4" message="LoopAnim" name="LoopAnim" oid="-1" return="VOID" shared="false" snippetID="2">
        <blank name="Self" order="0" type="ACTOR"/>
        <blank name="Animation" order="1" type="ANIMATION"/>
        <blank name="Category" order="2" type="TEXT"/>
    </custom-block>
    <custom-block blocktag="custom-35" blocktype="ACTION" code="~.say(&quot;liftBox&quot;, &quot;ManageBar&quot;);" desc="" global="false" gui="manage bar" id="35" message="ManageBar" name="ManageBar" oid="-1" return="VOID" shared="false" snippetID="29">
        <blank name="Self" order="0" type="ACTOR"/>
    </custom-block>
    <custom-block blocktag="custom-39" blocktype="ACTION" code="~.say(&quot;liftBox&quot;, &quot;ManageCarry&quot;);" desc="" global="false" gui="manage carry" id="39" message="ManageCarry" name="ManageCarry" oid="-1" return="VOID" shared="false" snippetID="29">
        <blank name="Self" order="0" type="ACTOR"/>
    </custom-block>
    <custom-block blocktag="custom-43" blocktype="ACTION" code="~.say(&quot;liftBox&quot;, &quot;ManageSlowdown&quot;);" desc="" global="false" gui="manage slowdown" id="43" message="ManageSlowdown" name="ManageSlowdown" oid="-1" return="VOID" shared="false" snippetID="29">
        <blank name="Self" order="0" type="ACTOR"/>
    </custom-block>
    <custom-block blocktag="custom-38" blocktype="ACTION" code="~.say(&quot;liftBox&quot;, &quot;ManageThrow&quot;);" desc="" global="false" gui="manage throw" id="38" message="ManageThrow" name="ManageThrow" oid="-1" return="VOID" shared="false" snippetID="29">
        <blank name="Self" order="0" type="ACTOR"/>
    </custom-block>
    <custom-block blocktag="custom-11" blocktype="ACTION" code="~.say(&quot;Walking&quot;, &quot;MaxWalkSpeed&quot;, ~);" desc="" global="false" gui="For %0 Set Max Walk Speed To %1" id="11" message="MaxWalkSpeed" name="MaxWalkSpeed" oid="-1" return="VOID" shared="false" snippetID="11">
        <blank name="Self" order="0" type="ACTOR"/>
        <blank name="MaxSpeed" order="1" type="NUMBER"/>
    </custom-block>
    <custom-block blocktag="custom-6" blocktype="ACTION" code="~.say(&quot;Animation Manager&quot;, &quot;PlayOnce&quot;, ~);" desc="" global="false" gui="Play %1 Once for %0" id="6" message="PlayOnce" name="PlayOnce" oid="-1" return="VOID" shared="false" snippetID="2">
        <blank name="Self" order="0" type="ACTOR"/>
        <blank name="Animation" order="1" type="ANIMATION"/>
    </custom-block>
    <custom-block blocktag="custom-9" blocktype="ACTION" code="~.say(&quot;Air Jumping&quot;, &quot;PreventAirJump&quot;, ~);" desc="" global="false" gui="Set Prevent Air Jump for %0 to %1" id="9" message="PreventAirJump" name="PreventAirJump" oid="-1" return="VOID" shared="false" snippetID="8">
        <blank name="Self" order="0" type="ACTOR"/>
        <blank name="Prevent" order="1" type="BOOLEAN"/>
    </custom-block>
    <custom-block blocktag="custom-14" blocktype="ACTION" code="~.say(&quot;Walking&quot;, &quot;PreventWalk&quot;, ~);" desc="" global="false" gui="Set Prevent Walk for %0 to %1" id="14" message="PreventWalk" name="PreventWalk" oid="-1" return="VOID" shared="false" snippetID="11">
        <blank name="Self" order="0" type="ACTOR"/>
        <blank name="Prevent" order="1" type="BOOLEAN"/>
    </custom-block>
    <custom-block blocktag="custom-18" blocktype="ACTION" code="~.say(&quot;Wall Jumping&quot;, &quot;PreventWallJump&quot;, ~);" desc="" global="false" gui="Set Prevent Wall Jump for %0 to %1" id="18" message="PreventWallJump" name="PreventWallJump" oid="-1" return="VOID" shared="false" snippetID="-1">
        <blank name="Self" order="0" type="ACTOR"/>
        <blank name="Prevent" order="1" type="BOOLEAN"/>
    </custom-block>
    <custom-block blocktag="custom-19" blocktype="ACTION" code="~.say(&quot;Wall Sliding&quot;, &quot;PreventWallSlide&quot;, ~);" desc="" global="false" gui="Set Prevent Wall Slide for %0 to %1" id="19" message="PreventWallSlide" name="PreventWallSlide" oid="-1" return="VOID" shared="false" snippetID="-1">
        <blank name="Self" order="0" type="ACTOR"/>
        <blank name="Prevent" order="1" type="BOOLEAN"/>
    </custom-block>
    <sprite atlasID="0" default="4" desc="" height="32" id="2" name="protahagonist" shared="false" width="32">
        <anim across="1" atlasID="-1" down="1" durations="100" height="32" id="0" loop="true" name="Animation 0" numframes="1" originx="16" originy="16" width="32">
            <poly data="4,0,0,32,0,32,32,0,32" density="0.1" fric="0.2" gid="-1000" id="0" name="Animation 0" rest="0.0" sensor="false"/>
        </anim>
        <anim across="3" atlasID="-1" down="1" durations="100,100,100" height="32" id="1" loop="true" name="walkleft" numframes="3" originx="16" originy="16" width="96">
            <poly data="4,0,0,32,0,32,32,0,32" density="0.1" fric="0.2" gid="-1000" id="0" name="walkleft" rest="0.0" sensor="false"/>
        </anim>
        <anim across="2" atlasID="-1" down="1" durations="100,100" height="32" id="2" loop="true" name="throwing" numframes="2" originx="16" originy="16" width="64">
            <poly data="4,0,0,32,0,32,32,0,32" density="0.1" fric="0.2" gid="-1000" id="0" name="throwing" rest="0.0" sensor="false"/>
        </anim>
        <anim across="2" atlasID="-1" down="1" durations="100,100" height="32" id="3" loop="true" name="happy" numframes="2" originx="16" originy="16" width="64">
            <poly data="4,0,0,32,0,32,32,0,32" density="0.1" fric="0.2" gid="-1000" id="0" name="Animation 3" rest="0.0" sensor="false"/>
        </anim>
        <anim across="1" atlasID="-1" down="1" durations="100" height="32" id="4" loop="true" name="standing" numframes="1" originx="16" originy="16" width="32">
            <poly data="4,0,0,32,0,32,32,0,32" density="0.1" fric="0.2" gid="-1000" id="0" name="Animation 4" rest="0.0" sensor="false"/>
        </anim>
        <anim across="1" atlasID="-1" down="1" durations="100" height="32" id="5" loop="true" name="jumping" numframes="1" originx="16" originy="16" width="33">
            <poly data="4,0,0,33,0,33,32,0,32" density="0.1" fric="0.2" gid="-1000" id="0" name="jumping" rest="0.0" sensor="false"/>
        </anim>
    </sprite>
    <actor adamp="0.0" ascale="true" atlasID="0" bodytype="2" continuous="true" desc="" eventsnippetid="1" fixedrot="true" fric="0.2" gid="0" id="1" ignoreg="false" inertia="1.0" ldamp="0.0" lw="false" mass="1.0" name="protahagonist" oid="-1" pausable="true" rest="0.0" shared="false" sprite="2" static="false" touchable="true">
        <snippets>
            <s enabled="true" id="16">
                <prop id="1" list="0" val="0.0"/>
                <prop id="4" list="0" val="0.0"/>
                <prop id="6" list="0" val="0.0"/>
                <prop id="8" list="0" val="0.0"/>
                <prop id="9" list="0" val="50.0"/>
                <prop id="2147483647" list="0" val="thisactor"/>
            </s>
            <s enabled="true" id="2">
                <prop id="1" list="0" val="false"/>
                <prop id="2" list="0" val=""/>
                <prop id="3" list="0" val="standing"/>
                <prop id="4" list="0" val="standing"/>
                <prop id="5" list="1" val="">
                    <text order="0" value="Ground Pounding"/>
                    <text order="1" value="Ducking"/>
                    <text order="2" value="Wall Sliding"/>
                    <text order="3" value="Falling"/>
                    <text order="4" value="Wall Jumping"/>
                    <text order="5" value="Air Jumping"/>
                    <text order="6" value="Jumping"/>
                    <text order="7" value="Running"/>
                    <text order="8" value="Walking"/>
                </prop>
                <prop id="6" list="0" val="false"/>
                <prop id="7" list="0" val="false"/>
                <prop id="2147483647" list="0" val="thisactor"/>
            </s>
            <s enabled="true" id="21">
                <prop id="1" list="0" val="0"/>
                <prop id="2" list="0" val="0"/>
                <prop id="3" list="0" val="0"/>
                <prop id="4" list="0" val="false"/>
                <prop id="5" list="0" val="0"/>
                <prop id="6" list="0" val="0"/>
                <prop id="2147483647" list="0" val="thisactor"/>
            </s>
            <s enabled="true" id="5">
                <prop id="1" list="0" val="false"/>
                <prop id="2" list="0" val="false"/>
                <prop id="3" list="0" val="up"/>
                <prop id="8" list="0" val="0.075"/>
                <prop id="12" list="0" val="jumping"/>
                <prop id="13" list="0" val="jumping"/>
                <prop id="14" list="0" val="false"/>
                <prop id="15" list="0" val="0"/>
                <prop id="2147483647" list="0" val="thisactor"/>
                <prop id="17" list="0" val="0"/>
                <prop id="16" list="0" val="0"/>
                <prop id="19" list="0" val="-1"/>
                <prop id="18" list="0" val="0.75"/>
                <prop id="21" list="0" val="Jumping"/>
                <prop id="20" list="0" val="35.0"/>
            </s>
            <s enabled="true" id="6">
                <prop id="1" list="0" val="right"/>
                <prop id="2" list="0" val="left"/>
                <prop id="3" list="0" val="0.9"/>
                <prop id="4" list="0" val="0.99"/>
                <prop id="5" list="0" val="0.975"/>
                <prop id="6" list="0" val="0.975"/>
                <prop id="7" list="0" val="0.9"/>
                <prop id="2147483647" list="0" val="thisactor"/>
            </s>
            <s enabled="true" id="7">
                <prop id="1" list="0" val="false"/>
                <prop id="2" list="0" val="false"/>
                <prop id="3" list="1" val=""/>
                <prop id="2147483647" list="0" val="thisactor"/>
            </s>
            <s enabled="true" id="8">
                <prop id="1" list="0" val="false"/>
                <prop id="2" list="0" val="0.0"/>
                <prop id="3" list="0" val="false"/>
                <prop id="4" list="0" val="0"/>
                <prop id="5" list="0" val="0"/>
                <prop id="6" list="0" val="1.0"/>
                <prop id="7" list="0" val="up"/>
                <prop id="8" list="0" val="false"/>
                <prop id="9" list="0" val="50"/>
                <prop id="10" list="0" val="jumping"/>
                <prop id="11" list="0" val="jumping"/>
                <prop id="12" list="0" val="Air Jumping"/>
                <prop id="2147483647" list="0" val="thisactor"/>
            </s>
            <s enabled="true" id="11">
                <prop id="1" list="0" val="right"/>
                <prop id="2" list="0" val="left"/>
                <prop id="3" list="0" val="85"/>
                <prop id="4" list="0" val="50.0"/>
                <prop id="5" list="0" val="true"/>
                <prop id="6" list="0" val="walkleft"/>
                <prop id="7" list="0" val="walkleft"/>
                <prop id="8" list="0" val="standing"/>
                <prop id="9" list="0" val="standing"/>
                <prop id="10" list="0" val="false"/>
                <prop id="11" list="1" val=""/>
                <prop id="12" list="0" val="Walking"/>
                <prop id="2147483647" list="0" val="thisactor"/>
            </s>
            <s enabled="true" id="29">
                <prop id="1" list="0" val="false"/>
                <prop id="2" list="0" val=""/>
                <prop id="3" list="0" val="0"/>
                <prop id="4" list="0" val="0"/>
                <prop id="5" list="0" val="0"/>
                <prop id="6" list="0" val="5"/>
                <prop id="7" list="0" val=""/>
                <prop id="8" list="0" val="0"/>
                <prop id="9" list="0" val="0"/>
                <prop id="12" list="0" val="false"/>
                <prop id="13" list="0" val=""/>
                <prop id="14" list="0" val="0"/>
                <prop id="2147483647" list="0" val="thisactor"/>
            </s>
            <s enabled="true" id="15">
                <prop id="3" list="0" val="16.0"/>
                <prop id="4" list="0" val="16.0"/>
                <prop id="2147483647" list="0" val="thisactor"/>
            </s>
        </snippets>
    </actor>
    <custom-block blocktag="custom-34" blocktype="NORMAL" code="Boolean((~.say(&quot;liftBox&quot;, &quot;RangeContained&quot;, ~,~,~,~)))" desc="" global="false" gui="range( %1 + %2 ) matches range( %3 + %4 )?" id="34" message="RangeContained" name="RangeContained" oid="-1" return="BOOLEAN" shared="false" snippetID="29">
        <blank name="Self" order="0" type="ACTOR"/>
        <blank name="x1" order="1" type="NUMBER"/>
        <blank name="w1" order="2" type="NUMBER"/>
        <blank name="x2" order="3" type="NUMBER"/>
        <blank name="w2" order="4" type="NUMBER"/>
    </custom-block>
    <custom-block blocktag="custom-59" blocktype="ACTION" code="sayToScene(&quot;Set Box&quot;, &quot;recurse&quot;, ~,~);" desc="" global="false" gui="recurse %0 with size %1" id="59" message="recurse" name="recurse" oid="-1" return="VOID" shared="false" snippetID="-1">
        <blank name="newBlock" order="0" type="ACTOR"/>
        <blank name="sizeIndex" order="1" type="NUMBER"/>
    </custom-block>
    <custom-block blocktag="custom-42" blocktype="ACTION" code="~.say(&quot;liftBox&quot;, &quot;resettouchedbox&quot;);" desc="" global="false" gui="Reset touchedBox" id="42" message="resettouchedbox" name="resettouchedbox" oid="-1" return="VOID" shared="false" snippetID="29">
        <blank name="Self" order="0" type="ACTOR"/>
    </custom-block>
    <custom-block blocktag="custom-41" blocktype="ACTION" code="~.say(&quot;liftBox&quot;, &quot;SetTouchedBox&quot;, ~);" desc="" global="false" gui="set %1 as touchedBox" id="41" message="SetTouchedBox" name="SetTouchedBox" oid="-1" return="VOID" shared="false" snippetID="29">
        <blank name="Self" order="0" type="ACTOR"/>
        <blank name="tb" order="1" type="ACTOR"/>
    </custom-block>
    <custom-block blocktag="custom-13" blocktype="ACTION" code="~.say(&quot;Walking&quot;, &quot;SlowToMax&quot;, ~);" desc="" global="false" gui="Slow Down %0 To Max Speed Using Rate %1" id="13" message="SlowToMax" name="SlowToMax" oid="-1" return="VOID" shared="false" snippetID="11">
        <blank name="Self" order="0" type="ACTOR"/>
        <blank name="Rate" order="1" type="NUMBER"/>
    </custom-block>
    <font alphabet=" !&quot;#$%&amp;'()*+,-./0123456789:;&lt;=&gt;?@ABCDEFGHIJKLMNOPQRSTUVWXYZ[\]^_`abcdefghijklmnopqrstuvwxyz{|}~ ¡¢£¤¥¦§¨©ª«¬­®¯°±²³´µ¶·¸¹º»¼½¾¿ÀÁÂÃÄÅÆÇÈÉÊËÌÍÎÏÐÑÒÓÔÕÖ×ØÙÚÛÜÝÞßàáâãäåæçèéêëìíîïðñòóôõö÷øùúûüýþÿĀāĂăĄąĆćĈĉĊċČčĎďĐđĒēĔĕĖėĘęĚěĜĝĞğĠġĢģĤĥĦħĨĩĪīĬĭĮįİıĲĳĴĵĶķĸĹĺĻļĽľĿŀŁłŃńŅņŇňŉŊŋŌōŎŏŐőŒœŔŕŖŗŘřŚśŜŝŞşŠšŢţŤťŦŧŨũŪūŬŭŮůŰűŲųŴŵŶŷŸŹźŻżŽžſ" atlasID="0" desc="" height="16" id="30" name="trminuss" offsets="0|0|0|,0|0|0,1|0|1,6|0|6,13|0|13,20|0|20,26|0|26,33|0|33,35|0|35,38|0|38,41|0|41,48|0|48,55|0|55,57|0|57,64|0|64,65|0|65,71|0|71,78|0|78,83|0|83,90|0|90,97|0|97,104|0|104,111|0|111,118|0|118,125|0|125,132|0|132,139|0|139,140|0|140,142|0|142,149|0|149,156|0|156,163|0|163,170|0|170,177|0|177,184|0|184,191|0|191,198|0|198,205|0|205,212|0|212,219|0|219,226|0|226,233|0|233,236|0|236,243|0|243,250|0|250,257|0|257,264|0|264,271|0|271,278|0|278,285|0|285,292|0|292,299|0|299,306|0|306,313|0|313,320|0|320,327|0|327,334|0|334,341|0|341,348|0|348,355|0|355,359|0|359,365|0|365,369|0|369,376|0|376,383|0|383,385|0|385,392|0|392,399|0|399,406|0|406,413|0|413,420|0|420,427|0|427,434|0|434,441|0|441,444|0|444,449|0|449,455|0|455,458|0|458,465|0|465,472|0|472,479|0|479,486|0|486,493|0|493,500|0|500,507|0|507,514|0|514,521|0|521,528|0|528,535|0|535,542|0|542,549|0|549,556|0|556,561|0|561,562|0|562,567|0|567,574|0|574,574|0|574,574|0|574,574|0|574,574|0|574,574|0|574,574|0|574,574|0|574,574|0|574,574|0|574,574|0|574,574|0|574,574|0|574,574|0|574,574|0|574,574|0|574,574|0|574,574|0|574,574|0|574,574|0|574,574|0|574,574|0|574,574|0|574,574|0|574,574|0|574,574|0|574,574|0|574,574|0|574,574|0|574,574|0|574,574|0|574,574|0|574,574|0|574,574|0|574,574|0|574,575|0|575,582|0|582,589|0|589,596|0|596,603|0|603,604|0|604,609|0|609,614|0|614,621|0|621,626|0|626,633|0|633,640|0|640,645|0|645,652|0|652,659|0|659,664|0|664,671|0|671,675|0|675,680|0|680,683|0|683,690|0|690,697|0|697,698|0|698,700|0|700,703|0|703,708|0|708,715|0|715,722|0|722,729|0|729,736|0|736,743|0|743,750|0|750,757|0|757,764|0|764,771|0|771,778|0|778,785|0|785,793|0|793,800|0|800,807|0|807,814|0|814,821|0|821,828|0|828,832|0|832,836|0|836,841|0|841,846|0|846,853|0|853,860|0|860,867|0|867,874|0|874,881|0|881,888|0|888,895|0|895,902|0|902,909|0|909,916|0|916,923|0|923,930|0|930,937|0|937,944|0|944,951|0|951,958|0|958,965|0|965,972|0|972,979|0|979,986|0|986,993|0|993,1000|0|1000,1007|0|1007,1014|0|1014,1021|0|1021,1028|0|1028,1035|0|1035,1042|0|1042,1046|0|1046,1050|0|1050,1055|0|1055,1060|0|1060,1067|0|1067,1074|0|1074,1081|0|1081,1088|0|1088,1095|0|1095,1102|0|1102,1109|0|1109,1116|0|1116,1123|0|1123,1130|0|1130,1137|0|1137,1144|0|1144,1151|0|1151,1158|0|1158,1165|0|1165,1172|0|1172,1179|0|1179,1186|0|1186,1193|0|1193,1200|0|1200,1207|0|1207,1214|0|1214,1221|0|1221,1228|0|1228,1235|0|1235,1242|0|1242,1242|0|1242,1242|0|1242,1249|0|1249,1256|0|1256,1263|0|1263,1270|0|1270,1277|0|1277,1285|0|1285,1292|0|1292,1299|0|1299,1299|0|1299,1299|0|1299,1306|0|1306,1313|0|1313,1320|0|1320,1327|0|1327,1334|0|1334,1341|0|1341,1348|0|1348,1355|0|1355,1362|0|1362,1369|0|1369,1369|0|1369,1369|0|1369,1376|0|1376,1383|0|1383,1390|0|1390,1397|0|1397,1397|0|1397,1397|0|1397,1397|0|1397,1397|0|1397,1402|0|1402,1407|0|1407,1407|0|1407,1407|0|1407,1410|0|1410,1413|0|1413,1416|0|1416,1419|0|1419,1419|0|1419,1419|0|1419,1427|0|1427,1434|0|1434,1441|0|1441,1447|0|1447,1447|0|1447,1454|0|1454,1458|0|1458,1465|0|1465,1468|0|1468,1475|0|1475,1480|0|1480,1480|0|1480,1480|0|1480,1487|0|1487,1492|0|1492,1499|0|1499,1506|0|1506,1513|0|1513,1520|0|1520,1527|0|1527,1534|0|1534,1534|0|1534,1534|0|1534,1534|0|1534,1541|0|1541,1548|0|1548,1548|0|1548,1548|0|1548,1555|0|1555,1562|0|1562,1570|0|1570,1577|0|1577,1584|0|1584,1591|0|1591,1598|0|1598,1605|0|1605,1612|0|1612,1619|0|1619,1626|0|1626,1633|0|1633,1640|0|1640,1647|0|1647,1654|0|1654,1661|0|1661,1668|0|1668,1675|0|1675,1682|0|1682,1689|0|1689,1696|0|1696,1702|0|1702,1702|0|1702,1702|0|1702,1702|0|1702,1702|0|1702,1709|0|1709,1716|0|1716,1723|0|1723,1730|0|1730,1737|0|1737,1744|0|1744,1751|0|1751,1758|0|1758,1765|0|1765,1772|0|1772,1772|0|1772,1772|0|1772,1772|0|1772,1772|0|1772,1779|0|1779,1786|0|1786,1793|0|1793,1800|0|1800,1807|0|1807,1814|0|1814" oid="-1" rowHeight="16" shared="false"/>
    <custom-block blocktag="custom-15" blocktype="ACTION" code="~.say(&quot;Walking&quot;, &quot;WalkAccel&quot;, ~);" desc="" global="false" gui="For %0 Set Walk Accel to %1" id="15" message="WalkAccel" name="WalkAccel" oid="-1" return="VOID" shared="false" snippetID="11">
        <blank name="Self" order="0" type="ACTOR"/>
        <blank name="Accel" order="1" type="NUMBER"/>
    </custom-block>
    <custom-block blocktag="custom-48" blocktype="ACTION" code="sayToScene(&quot;Camera Manager&quot;, &quot;ZoomToPercent&quot;, ~,~);" desc="" global="false" gui="Zoom to %0 Percent Over %1 Seconds" id="48" message="ZoomToPercent" name="ZoomToPercent" oid="-1" return="VOID" shared="false" snippetID="-1">
        <blank name="Percent" order="0" type="NUMBER"/>
        <blank name="Seconds" order="1" type="NUMBER"/>
    </custom-block>
</pack>
