<?xml version="1.0" encoding="UTF-8" standalone="no"?>
<pack>
    <custom-block blocktag="custom-15" blocktype="ACTION" code="sayToScene(&quot;movement&quot;, &quot;&quot;);" desc="" global="false" gui="Missing" id="15" message="" name="" oid="-1" return="VOID" shared="false" snippetID="10"/>
    <custom-block blocktag="custom-8" blocktype="ACTION" code="~.say(&quot;followChunk&quot;, &quot;&quot;);" desc="" global="false" gui="Missing" id="8" message="" name="" oid="-1" return="VOID" shared="false" snippetID="-1">
        <blank name="Self" order="0" type="ACTOR"/>
    </custom-block>
    <sprite atlasID="0" default="0" desc="" height="480" id="47" name="barBottom" shared="false" width="640">
        <anim across="1" atlasID="-1" down="1" durations="100" height="480" id="0" loop="true" name="Animation 0" numframes="1" originx="0" originy="0" width="640">
            <poly data="4,0,0,640,0,640,480,0,480" density="0.1" fric="0.2" gid="-1000" id="0" name="Animation 0" rest="0.0" sensor="false"/>
        </anim>
    </sprite>
    <actor adamp="0.0" ascale="true" atlasID="0" bodytype="0" continuous="false" desc="" fixedrot="false" fric="0.2" gid="3" id="46" ignoreg="false" inertia="1.0" ldamp="0.0" lw="true" mass="1.0" name="barBottom" oid="-1" pausable="true" rest="0.0" shared="false" sprite="47" static="true" touchable="true">
        <snippets>
            <s enabled="true" id="25">
                <prop id="2147483647" list="0" val="thisactor"/>
            </s>
        </snippets>
    </actor>
    <sprite atlasID="0" default="0" desc="" height="480" id="45" name="barTop" shared="false" width="640">
        <anim across="1" atlasID="-1" down="1" durations="100" height="480" id="0" loop="true" name="Animation 0" numframes="1" originx="0" originy="0" width="640">
            <poly data="4,0,0,640,0,640,480,0,480" density="0.1" fric="0.2" gid="-1000" id="0" name="Animation 0" rest="0.0" sensor="false"/>
        </anim>
    </sprite>
    <actor adamp="0.0" ascale="true" atlasID="0" bodytype="0" continuous="false" desc="" fixedrot="false" fric="0.2" gid="3" id="44" ignoreg="false" inertia="1.0" ldamp="0.0" lw="true" mass="1.0" name="barTop" oid="-1" pausable="true" rest="0.0" shared="false" sprite="45" static="true" touchable="true">
        <snippets>
            <s enabled="true" id="24">
                <prop id="2147483647" list="0" val="thisactor"/>
            </s>
        </snippets>
    </actor>
    <music desc="" id="86" loop="true" name="bgSound" oid="-1" pan="0" shared="false" stream="false" type="mp3" volume="1"/>
    <sprite atlasID="0" default="0" desc="" height="480" id="70" name="billows" shared="false" width="3837">
        <anim across="1" atlasID="-1" down="1" durations="100" height="480" id="0" loop="true" name="Animation 0" numframes="1" originx="1918" originy="240" width="3837">
            <poly data="4,0,0,3837,0,3837,480,0,480" density="0.1" fric="0.2" gid="-1000" id="0" name="Animation 0" rest="0.0" sensor="false"/>
        </anim>
    </sprite>
    <actor adamp="0.0" ascale="true" atlasID="0" bodytype="1" continuous="false" desc="" fixedrot="true" fric="0.2" gid="3" id="69" ignoreg="false" inertia="1.0" ldamp="0.0" lw="true" mass="1.0" name="billows" oid="-1" pausable="true" rest="0.0" shared="false" sprite="70" static="false" touchable="true">
        <snippets>
            <s enabled="true" id="32">
                <prop id="2147483647" list="0" val="thisactor"/>
            </s>
        </snippets>
    </actor>
    <music desc="" id="87" loop="true" name="bite_sound" oid="-1" pan="0" shared="false" stream="false" type="mp3" volume="1"/>
    <sprite atlasID="0" default="0" desc="" height="480" id="40" name="biteIn" shared="false" width="640">
        <anim across="5" atlasID="-1" down="1" durations="100,100,100,100,100" height="480" id="0" loop="false" name="Animation 0" numframes="5" originx="0" originy="0" width="3200">
            <poly data="4,0,0,640,0,640,480,0,480" density="0.1" fric="0.2" gid="-1000" id="0" name="Animation 0" rest="0.0" sensor="false"/>
        </anim>
    </sprite>
    <actor adamp="0.0" ascale="true" atlasID="0" bodytype="0" continuous="false" desc="" fixedrot="false" fric="0.2" gid="3" id="39" ignoreg="false" inertia="1.0" ldamp="0.0" lw="true" mass="1.0" name="biteIn" oid="-1" pausable="true" rest="0.0" shared="false" sprite="40" static="true" touchable="true">
        <snippets/>
    </actor>
    <actor adamp="0.0" ascale="true" atlasID="0" bodytype="2" continuous="false" desc="" fixedrot="true" fric="0.2" gid="3" id="4" ignoreg="true" inertia="1.0" ldamp="0.0" lw="true" mass="1.0" name="body" oid="-1" pausable="true" rest="0.0" shared="false" sprite="5" static="false" touchable="true">
        <snippets>
            <s enabled="true" id="5">
                <prop id="1" list="0" val="0"/>
                <prop id="2" list="0" val="0"/>
                <prop id="2147483647" list="0" val="thisactor"/>
            </s>
        </snippets>
    </actor>
    <actor adamp="0.0" ascale="true" atlasID="0" bodytype="0" continuous="false" desc="" fixedrot="false" fric="0.2" gid="3" id="58" ignoreg="false" inertia="1.0" ldamp="0.0" lw="true" mass="1.0" name="controlsMenu" oid="-1" pausable="true" rest="0.0" shared="false" sprite="59" static="true" touchable="true">
        <snippets/>
    </actor>
    <sprite atlasID="0" default="0" desc="" height="480" id="59" name="controlsMenu" shared="false" width="640">
        <anim across="1" atlasID="-1" down="1" durations="100" height="480" id="0" loop="false" name="Animation 0" numframes="1" originx="320" originy="240" width="640">
            <poly data="4,0,0,640,0,640,480,0,480" density="0.1" fric="0.2" gid="-1000" id="0" name="Animation 0" rest="0.0" sensor="false"/>
        </anim>
    </sprite>
    <sprite atlasID="0" default="1" desc="" height="138" id="24" name="dust" shared="false" width="490">
        <anim across="7" atlasID="-1" down="1" durations="40,40,40,40,40,40,40" height="138" id="1" loop="true" name="Animation 1" numframes="7" originx="0" originy="0" width="3430">
            <poly data="4,0,0,490,0,490,138,0,138" density="0.1" fric="0.2" gid="-1000" id="0" name="Animation 1" rest="0.0" sensor="false"/>
        </anim>
    </sprite>
    <actor adamp="0.0" ascale="true" atlasID="0" bodytype="2" continuous="false" desc="" fixedrot="true" fric="0.2" gid="3" id="23" ignoreg="true" inertia="1.0" ldamp="0.0" lw="true" mass="1.0" name="dust" oid="-1" pausable="true" rest="0.0" shared="false" sprite="24" static="false" touchable="true">
        <snippets>
            <s enabled="true" id="16">
                <prop id="2147483647" list="0" val="thisactor"/>
            </s>
        </snippets>
    </actor>
    <sprite atlasID="0" default="0" desc="" height="480" id="72" name="endmovie" shared="false" width="640">
        <anim across="18" atlasID="-1" down="1" durations="1900,20,20,20,20,20,1000,30,30,30,30,1000,30,30,300,30,30,10000" height="480" id="0" loop="false" name="EndAnimation" numframes="18" originx="0" originy="0" width="11520">
            <poly data="4,0,0,640,0,640,480,0,480" density="0.1" fric="0.2" gid="-1000" id="0" name="TODO" rest="0.0" sensor="false"/>
        </anim>
    </sprite>
    <actor adamp="0.0" ascale="true" atlasID="0" bodytype="0" continuous="false" desc="" fixedrot="false" fric="0.2" gid="3" id="71" ignoreg="false" inertia="1.0" ldamp="0.0" lw="true" mass="1.0" name="endmovie" oid="-1" pausable="true" rest="0.0" shared="false" sprite="72" static="true" touchable="true">
        <snippets/>
    </actor>
    <music desc="" id="85" loop="true" name="error_tone" oid="-1" pan="0" shared="false" stream="false" type="mp3" volume="1"/>
    <actor adamp="0.0" ascale="true" atlasID="0" bodytype="0" continuous="false" desc="" fixedrot="false" fric="0.2" gid="3" id="61" ignoreg="false" inertia="1.0" ldamp="0.0" lw="true" mass="1.0" name="eyeOverlay" oid="-1" pausable="true" rest="0.0" shared="false" sprite="62" static="true" touchable="true">
        <snippets/>
    </actor>
    <sprite atlasID="0" default="0" desc="" height="480" id="62" name="eyeOverlay" shared="false" width="640">
        <anim across="1" atlasID="-1" down="1" durations="100" height="480" id="0" loop="true" name="Animation 0" numframes="1" originx="320" originy="240" width="640">
            <poly data="4,0,0,640,0,640,480,0,480" density="0.1" fric="0.2" gid="-1000" id="0" name="Animation 0" rest="0.0" sensor="false"/>
        </anim>
    </sprite>
    <background atlasID="0" desc="" durations="100" dx="-50.0" dy="-0.0" height="480" id="27" name="floor" numframes="1" oid="-1" repeats="true" resized="false" shared="false" width="1360" xpf="1.0" ypf="1.0"/>
    <actor adamp="0.0" ascale="true" atlasID="0" bodytype="1" continuous="false" desc="" fixedrot="true" fric="0.2" gid="3" id="67" ignoreg="true" inertia="1.0" ldamp="0.0" lw="true" mass="1.0" name="frontdust" oid="-1" pausable="true" rest="0.0" shared="false" sprite="68" static="false" touchable="true">
        <snippets>
            <s enabled="true" id="31">
                <prop id="2147483647" list="0" val="thisactor"/>
            </s>
        </snippets>
    </actor>
    <sprite atlasID="0" default="0" desc="" height="480" id="68" name="frontdust" shared="false" width="640">
        <anim across="7" atlasID="-1" down="1" durations="50,50,50,50,50,50,50" height="480" id="0" loop="true" name="Animation 0" numframes="7" originx="0" originy="0" width="4480">
            <poly data="4,0,0,640,0,640,480,0,480" density="0.1" fric="0.2" gid="-1000" id="0" name="Animation 0" rest="0.0" sensor="false"/>
        </anim>
    </sprite>
    <background atlasID="0" desc="" durations="100" dx="-350.0" dy="-0.0" height="480" id="66" name="frontfloor" numframes="1" oid="-1" repeats="true" resized="false" shared="false" width="1360" xpf="1.0" ypf="1.0"/>
    <sprite atlasID="0" default="0" desc="" height="257" id="78" name="GreatMessage" shared="false" width="403">
        <anim across="2" atlasID="-1" down="1" durations="200,200" height="257" id="0" loop="true" name="Animation 0" numframes="2" originx="201" originy="128" width="806">
            <poly data="4,0,0,403,0,403,257,0,257" density="0.1" fric="0.2" gid="-1000" id="0" name="Animation 0" rest="0.0" sensor="false"/>
        </anim>
    </sprite>
    <actor adamp="0.0" ascale="true" atlasID="0" bodytype="0" continuous="false" desc="" fixedrot="false" fric="0.2" gid="3" id="77" ignoreg="false" inertia="1.0" ldamp="0.0" lw="true" mass="1.0" name="GreatMessage" oid="-1" pausable="true" rest="0.0" shared="false" sprite="78" static="true" touchable="true">
        <snippets>
            <s enabled="true" id="33">
                <prop id="2147483647" list="0" val="thisactor"/>
            </s>
        </snippets>
    </actor>
    <sprite atlasID="0" default="0" desc="" height="40" id="20" name="head_down" shared="false" width="70">
        <anim across="1" atlasID="-1" down="1" durations="100" height="40" id="0" loop="true" name="Normal" numframes="1" originx="35" originy="15" width="70">
            <poly data="4,0,0,70,0,70,31,0,31" density="0.1" fric="0.2" gid="-1000" id="0" name="Animation 0" rest="0.0" sensor="false"/>
        </anim>
        <anim across="1" atlasID="-1" down="1" durations="100" height="64" id="1" loop="true" name="Invisible" numframes="1" originx="0" originy="0" width="64"/>
    </sprite>
    <actor adamp="0.0" ascale="true" atlasID="0" bodytype="2" continuous="false" desc="" fixedrot="false" fric="0.2" gid="3" id="19" ignoreg="false" inertia="1.0" ldamp="0.0" lw="true" mass="1.0" name="head_down" oid="-1" pausable="true" rest="0.0" shared="false" sprite="20" static="false" touchable="true">
        <snippets>
            <s enabled="true" id="14">
                <prop id="1" list="0" val="604"/>
                <prop id="2" list="0" val="0"/>
                <prop id="3" list="0" val="0.0"/>
                <prop id="4" list="0" val="Normal"/>
                <prop id="5" list="0" val="Invisible"/>
                <prop id="2147483647" list="0" val="thisactor"/>
            </s>
        </snippets>
    </actor>
    <sprite atlasID="0" default="0" desc="" height="43" id="22" name="head_teeth" shared="false" width="71">
        <anim across="1" atlasID="-1" down="1" durations="100" height="43" id="0" loop="true" name="Animation 0" numframes="1" originx="35" originy="11" width="71">
            <poly data="4,0,0,71,0,71,23,0,23" density="0.1" fric="0.2" gid="-1000" id="0" name="Animation 0" rest="0.0" sensor="false"/>
        </anim>
        <anim across="1" atlasID="-1" down="1" durations="100" height="64" id="1" loop="true" name="Animation 1" numframes="1" originx="32" originy="32" width="64"/>
    </sprite>
    <actor adamp="0.0" ascale="true" atlasID="0" bodytype="2" continuous="false" desc="" fixedrot="true" fric="0.2" gid="3" id="21" ignoreg="true" inertia="1.0" ldamp="0.0" lw="true" mass="1.0" name="head_teeth" oid="-1" pausable="true" rest="0.0" shared="false" sprite="22" static="false" touchable="true">
        <snippets>
            <s enabled="true" id="12">
                <prop id="1" list="0" val="610"/>
                <prop id="2" list="0" val="42"/>
                <prop id="3" list="0" val="0"/>
                <prop id="4" list="0" val="Animation 0"/>
                <prop id="5" list="0" val="Animation 1"/>
                <prop id="2147483647" list="0" val="thisactor"/>
            </s>
        </snippets>
    </actor>
    <sprite atlasID="0" default="0" desc="" height="41" id="18" name="head_up" shared="false" width="76">
        <anim across="2" atlasID="-1" down="1" durations="20,20" height="41" id="0" loop="true" name="NormalAnim" numframes="2" originx="38" originy="20" width="152">
            <poly data="4,0,0,76,0,76,41,0,41" density="0.1" fric="0.2" gid="-1000" id="0" name="Animation 0" rest="0.0" sensor="false"/>
        </anim>
        <anim across="1" atlasID="-1" down="1" durations="100" height="41" id="1" loop="true" name="SpeedyAnim" numframes="1" originx="38" originy="20" width="76">
            <poly data="4,0,0,76,0,76,41,0,41" density="0.1" fric="0.2" gid="-1000" id="0" name="Animation 1" rest="0.0" sensor="false"/>
        </anim>
        <anim across="2" atlasID="-1" down="1" durations="20,20" height="89" id="2" loop="true" name="BitingAnimation" numframes="2" originx="0" originy="0" width="170">
            <poly data="4,0,0,85,0,85,89,0,89" density="0.1" fric="0.2" gid="-1000" id="0" name="Animation 2" rest="0.0" sensor="false"/>
        </anim>
    </sprite>
    <actor adamp="0.0" ascale="true" atlasID="0" bodytype="2" continuous="false" desc="" fixedrot="false" fric="0.2" gid="3" id="17" ignoreg="false" inertia="1.0" ldamp="0.0" lw="true" mass="1.0" name="head_up" oid="-1" pausable="true" rest="0.0" shared="false" sprite="18" static="false" touchable="true">
        <snippets>
            <s enabled="true" id="13">
                <prop id="1" list="0" val="606"/>
                <prop id="2" list="0" val="47"/>
                <prop id="3" list="0" val="0.0"/>
                <prop id="4" list="0" val="NormalAnim"/>
                <prop id="5" list="0" val="SpeedyAnim"/>
                <prop id="6" list="0" val="BitingAnimation"/>
                <prop id="2147483647" list="0" val="thisactor"/>
            </s>
        </snippets>
    </actor>
    <sprite atlasID="0" default="0" desc="" height="84" id="74" name="idleMessage" shared="false" width="220">
        <anim across="1" atlasID="-1" down="1" durations="100" height="84" id="0" loop="true" name="Animation 0" numframes="1" originx="110" originy="42" width="220">
            <poly data="4,0,0,220,0,220,84,0,84" density="0.1" fric="0.2" gid="-1000" id="0" name="Animation 0" rest="0.0" sensor="false"/>
        </anim>
    </sprite>
    <actor adamp="0.0" ascale="true" atlasID="0" bodytype="0" continuous="false" desc="" fixedrot="false" fric="0.2" gid="3" id="73" ignoreg="false" inertia="1.0" ldamp="0.0" lw="true" mass="1.0" name="idleMessage" oid="-1" pausable="true" rest="0.0" shared="false" sprite="74" static="true" touchable="true">
        <snippets>
            <s enabled="true" id="33">
                <prop id="2147483647" list="0" val="thisactor"/>
            </s>
        </snippets>
    </actor>
    <sprite atlasID="0" default="1" desc="" height="480" id="65" name="instructions" shared="false" width="640">
        <anim across="17" atlasID="-1" down="1" durations="100,30,30,2000,30,30,30,1500,30,30,30,30,1500,30,30,30,100" height="480" id="1" loop="false" name="Animation 1" numframes="17" originx="0" originy="0" width="10880">
            <poly data="4,0,0,640,0,640,480,0,480" density="0.1" fric="0.2" gid="-1000" id="0" name="Animation 1" rest="0.0" sensor="false"/>
        </anim>
    </sprite>
    <actor adamp="0.0" ascale="true" atlasID="0" bodytype="0" continuous="false" desc="" fixedrot="false" fric="0.2" gid="3" id="64" ignoreg="false" inertia="1.0" ldamp="0.0" lw="true" mass="1.0" name="instructions" oid="-1" pausable="true" rest="0.0" shared="false" sprite="65" static="true" touchable="true">
        <snippets>
            <s enabled="true" id="30">
                <prop id="2147483647" list="0" val="thisactor"/>
            </s>
        </snippets>
    </actor>
    <actor adamp="0.0" ascale="true" atlasID="0" bodytype="2" continuous="false" desc="" fixedrot="true" fric="0.2" gid="3" id="54" ignoreg="true" inertia="1.0" ldamp="0.0" lw="true" mass="1.0" name="introShake" oid="-1" pausable="true" rest="0.0" shared="false" sprite="55" static="false" touchable="true">
        <snippets>
            <s enabled="true" id="28">
                <prop id="2147483647" list="0" val="thisactor"/>
            </s>
        </snippets>
    </actor>
    <sprite atlasID="0" default="0" desc="" height="520" id="55" name="introShake" shared="false" width="680">
        <anim across="1" atlasID="-1" down="1" durations="100" height="520" id="0" loop="true" name="Animation 0" numframes="1" originx="340" originy="260" width="680">
            <poly data="4,0,0,680,0,680,520,0,520" density="0.1" fric="0.2" gid="-1000" id="0" name="Animation 0" rest="0.0" sensor="false"/>
        </anim>
    </sprite>
    <music desc="" id="83" loop="true" name="left_tone" oid="-1" pan="0" shared="false" stream="false" type="mp3" volume="1"/>
    <actor adamp="0.0" ascale="true" atlasID="0" bodytype="0" continuous="false" desc="" fixedrot="false" fric="0.2" gid="3" id="48" ignoreg="false" inertia="1.0" ldamp="0.0" lw="true" mass="1.0" name="leftKey" oid="-1" pausable="true" rest="0.0" shared="false" sprite="49" static="true" touchable="true">
        <snippets>
            <s enabled="true" id="26">
                <prop id="1" list="0" val="Idle"/>
                <prop id="2" list="0" val="Press"/>
                <prop id="2147483647" list="0" val="thisactor"/>
            </s>
        </snippets>
    </actor>
    <sprite atlasID="0" default="0" desc="" height="229" id="49" name="leftKey" shared="false" width="168">
        <anim across="1" atlasID="-1" down="1" durations="100" height="229" id="0" loop="true" name="Idle" numframes="1" originx="84" originy="114" width="168">
            <poly data="4,0,0,168,0,168,229,0,229" density="0.1" fric="0.2" gid="-1000" id="0" name="Animation 0" rest="0.0" sensor="false"/>
        </anim>
        <anim across="3" atlasID="-1" down="1" durations="100,100,100" height="229" id="1" loop="true" name="Press" numframes="3" originx="84" originy="114" width="504">
            <poly data="4,0,0,168,0,168,229,0,229" density="0.1" fric="0.2" gid="-1000" id="0" name="Animation 1" rest="0.0" sensor="false"/>
        </anim>
    </sprite>
    <sprite atlasID="0" default="0" desc="" height="142" id="82" name="Logo" shared="false" width="497">
        <anim across="1" atlasID="-1" down="1" durations="100" height="142" id="0" loop="true" name="Animation 0" numframes="1" originx="248" originy="71" width="497">
            <poly data="4,0,0,497,0,497,142,0,142" density="0.1" fric="0.2" gid="-1000" id="0" name="Animation 0" rest="0.0" sensor="false"/>
        </anim>
    </sprite>
    <actor adamp="0.0" ascale="true" atlasID="0" bodytype="0" continuous="false" desc="" fixedrot="false" fric="0.2" gid="3" id="81" ignoreg="false" inertia="1.0" ldamp="0.0" lw="true" mass="1.0" name="Logo" oid="-1" pausable="true" rest="0.0" shared="false" sprite="82" static="true" touchable="true">
        <snippets/>
    </actor>
    <background atlasID="0" desc="" durations="100" dx="-0.0" dy="-0.0" height="480" id="16" name="mainBackground" numframes="1" oid="-1" repeats="false" resized="false" shared="false" width="680" xpf="1.0" ypf="1.0"/>
    <background atlasID="0" desc="" durations="30,30,30,30," dx="-0.0" dy="-0.0" height="480" id="63" name="menuToGame" numframes="4" oid="-1" repeats="false" resized="false" shared="false" width="640" xpf="1.0" ypf="1.0"/>
    <actor adamp="0.0" ascale="true" atlasID="0" bodytype="0" continuous="false" desc="" fixedrot="false" fric="0.2" gid="3" id="75" ignoreg="false" inertia="1.0" ldamp="0.0" lw="true" mass="1.0" name="NoMashMessage" oid="-1" pausable="true" rest="0.0" shared="false" sprite="76" static="true" touchable="true">
        <snippets>
            <s enabled="true" id="33">
                <prop id="2147483647" list="0" val="thisactor"/>
            </s>
        </snippets>
    </actor>
    <sprite atlasID="0" default="0" desc="" height="275" id="76" name="NoMashMessage" shared="false" width="298">
        <anim across="2" atlasID="-1" down="1" durations="150,150" height="275" id="0" loop="true" name="Animation 0" numframes="2" originx="149" originy="137" width="596">
            <poly data="4,0,0,298,0,298,275,0,275" density="0.1" fric="0.2" gid="-1000" id="0" name="Animation 0" rest="0.0" sensor="false"/>
        </anim>
    </sprite>
    <actor adamp="0.0" ascale="true" atlasID="0" bodytype="0" continuous="false" desc="" fixedrot="true" fric="0.2" gid="3" id="37" ignoreg="true" inertia="1.0" ldamp="0.0" lw="true" mass="1.0" name="overlayBite" oid="-1" pausable="true" rest="0.0" shared="false" sprite="38" static="true" touchable="true">
        <snippets/>
    </actor>
    <sprite atlasID="0" default="0" desc="" height="480" id="38" name="overlayBite" shared="false" width="640">
        <anim across="7" atlasID="-1" down="1" durations="100,100,100,100,100,100,600" height="480" id="0" loop="false" name="Animation 0" numframes="7" originx="0" originy="0" width="4480">
            <poly data="4,0,0,640,0,640,480,0,480" density="0.1" fric="0.2" gid="-1000" id="0" name="Animation 0" rest="0.0" sensor="false"/>
        </anim>
    </sprite>
    <background atlasID="0" desc="" durations="2200,30,30,3000," dx="-0.0" dy="-0.0" height="480" id="60" name="preIntro" numframes="4" oid="-1" repeats="false" resized="false" shared="false" width="640" xpf="1.0" ypf="1.0"/>
    <actor adamp="0.0" ascale="true" atlasID="0" bodytype="0" continuous="false" desc="" fixedrot="false" fric="0.2" gid="3" id="56" ignoreg="false" inertia="1.0" ldamp="0.0" lw="true" mass="1.0" name="pressToCont" oid="-1" pausable="true" rest="0.0" shared="false" sprite="57" static="true" touchable="true">
        <snippets/>
    </actor>
    <sprite atlasID="0" default="0" desc="" height="480" id="57" name="pressToCont" shared="false" width="640">
        <anim across="2" atlasID="-1" down="1" durations="800,300" height="480" id="0" loop="true" name="Animation 0" numframes="2" originx="320" originy="240" width="1280">
            <poly data="4,0,0,640,0,640,480,0,480" density="0.1" fric="0.2" gid="-1000" id="0" name="Animation 0" rest="0.0" sensor="false"/>
        </anim>
    </sprite>
    <actor adamp="0.0" ascale="true" atlasID="0" bodytype="2" continuous="true" desc="" fixedrot="true" fric="0.2" gid="3" id="28" ignoreg="true" inertia="1.0" ldamp="0.0" lw="true" mass="1.0" name="randomStuff" oid="-1" pausable="true" rest="0.0" shared="false" sprite="29" static="false" touchable="true">
        <snippets>
            <s enabled="true" id="17">
                <prop id="1" list="0" val="Animation 0"/>
                <prop id="2" list="0" val="Animation 1"/>
                <prop id="3" list="0" val="Animation 2"/>
                <prop id="4" list="0" val="Animation 3"/>
                <prop id="5" list="0" val="Animation 4"/>
                <prop id="6" list="0" val="Animation 5"/>
                <prop id="7" list="0" val="0"/>
                <prop id="2147483647" list="0" val="thisactor"/>
            </s>
        </snippets>
    </actor>
    <sprite atlasID="0" default="0" desc="" height="209" id="29" name="randomStuff" shared="false" width="407">
        <anim across="1" atlasID="-1" down="1" durations="100" height="209" id="0" loop="true" name="Animation 0" numframes="1" originx="0" originy="209" width="407">
            <poly data="4,0,0,407,0,407,209,0,209" density="0.1" fric="0.2" gid="-1000" id="0" name="Animation 0" rest="0.0" sensor="false"/>
        </anim>
        <anim across="1" atlasID="-1" down="1" durations="100" height="92" id="1" loop="true" name="Animation 1" numframes="1" originx="0" originy="92" width="400">
            <poly data="4,0,0,400,0,400,92,0,92" density="0.1" fric="0.2" gid="-1000" id="0" name="Animation 1" rest="0.0" sensor="false"/>
        </anim>
        <anim across="1" atlasID="-1" down="1" durations="100" height="209" id="2" loop="true" name="Animation 2" numframes="1" originx="0" originy="209" width="302">
            <poly data="4,0,0,302,0,302,209,0,209" density="0.1" fric="0.2" gid="-1000" id="0" name="Animation 2" rest="0.0" sensor="false"/>
        </anim>
        <anim across="1" atlasID="-1" down="1" durations="100" height="368" id="3" loop="true" name="Animation 3" numframes="1" originx="0" originy="368" width="352">
            <poly data="4,0,0,352,0,352,368,0,368" density="0.1" fric="0.2" gid="-1000" id="0" name="Animation 3" rest="0.0" sensor="false"/>
        </anim>
        <anim across="1" atlasID="-1" down="1" durations="100" height="263" id="4" loop="true" name="Animation 4" numframes="1" originx="0" originy="263" width="255">
            <poly data="4,0,0,255,0,255,263,0,263" density="0.1" fric="0.2" gid="-1000" id="0" name="Animation 4" rest="0.0" sensor="false"/>
        </anim>
        <anim across="1" atlasID="-1" down="1" durations="100" height="194" id="5" loop="true" name="Animation 5" numframes="1" originx="0" originy="194" width="409">
            <poly data="4,0,0,409,0,409,194,0,194" density="0.1" fric="0.2" gid="-1000" id="0" name="Animation 5" rest="0.0" sensor="false"/>
        </anim>
    </sprite>
    <music desc="" id="84" loop="true" name="right_tone" oid="-1" pan="0" shared="false" stream="false" type="mp3" volume="1"/>
    <actor adamp="0.0" ascale="true" atlasID="0" bodytype="0" continuous="false" desc="" fixedrot="false" fric="0.2" gid="3" id="50" ignoreg="false" inertia="1.0" ldamp="0.0" lw="true" mass="1.0" name="rightKey" oid="-1" pausable="true" rest="0.0" shared="false" sprite="51" static="true" touchable="true">
        <snippets>
            <s enabled="true" id="26">
                <prop id="1" list="0" val="Idle"/>
                <prop id="2" list="0" val="Press"/>
                <prop id="2147483647" list="0" val="thisactor"/>
            </s>
        </snippets>
    </actor>
    <sprite atlasID="0" default="0" desc="" height="229" id="51" name="rightKey" shared="false" width="168">
        <anim across="1" atlasID="-1" down="1" durations="100" height="229" id="0" loop="true" name="Idle" numframes="1" originx="84" originy="114" width="168">
            <poly data="4,0,0,168,0,168,229,0,229" density="0.1" fric="0.2" gid="-1000" id="0" name="Animation 0" rest="0.0" sensor="false"/>
        </anim>
        <anim across="3" atlasID="-1" down="1" durations="100,100,100" height="229" id="1" loop="true" name="Press" numframes="3" originx="84" originy="114" width="504">
            <poly data="4,0,0,168,0,168,229,0,229" density="0.1" fric="0.2" gid="-1000" id="0" name="Animation 1" rest="0.0" sensor="false"/>
        </anim>
    </sprite>
    <sprite atlasID="0" default="0" desc="" height="96" id="3" name="section1" shared="false" width="96">
        <anim across="8" atlasID="-1" down="1" durations="30,30,30,30,30,30,30,30" height="96" id="0" loop="true" name="Animation 0" numframes="8" originx="0" originy="0" width="768">
            <poly data="4,0,0,96,0,96,200,0,200" density="0.1" fric="0.2" gid="-1000" id="0" name="default" rest="0.0" sensor="false"/>
        </anim>
    </sprite>
    <sprite atlasID="0" default="0" desc="" height="96" id="5" name="section2" shared="false" width="128">
        <anim across="8" atlasID="-1" down="1" durations="30,30,30,30,30,30,30,30" height="96" id="0" loop="true" name="Animation 0" numframes="8" originx="0" originy="0" width="1024">
            <poly data="4,0,0,128,0,128,200,0,200" density="0.1" fric="0.2" gid="-1000" id="0" name="default" rest="0.0" sensor="false"/>
        </anim>
    </sprite>
    <actor adamp="0.0" ascale="true" atlasID="0" bodytype="0" continuous="false" desc="" fixedrot="false" fric="0.2" gid="4" id="52" ignoreg="false" inertia="1.0" ldamp="0.0" lw="true" mass="1.0" name="SpaceKey" oid="-1" pausable="true" rest="0.0" shared="false" sprite="53" static="true" touchable="true">
        <snippets>
            <s enabled="true" id="26">
                <prop id="1" list="0" val="Idle"/>
                <prop id="2" list="0" val="Smash"/>
                <prop id="2147483647" list="0" val="thisactor"/>
            </s>
        </snippets>
    </actor>
    <sprite atlasID="0" default="0" desc="" height="224" id="53" name="SpaceKey" shared="false" width="388">
        <anim across="1" atlasID="-1" down="1" durations="100" height="224" id="0" loop="true" name="Idle" numframes="1" originx="194" originy="112" width="388">
            <poly data="4,200,0,201,0,201,1,200,1" density="0.1" fric="0.2" gid="-1000" id="0" name="Animation 0" rest="0.0" sensor="false"/>
        </anim>
        <anim across="3" atlasID="-1" down="1" durations="100,100,100" height="224" id="1" loop="true" name="Smash" numframes="3" originx="194" originy="112" width="1164">
            <poly data="4,0,0,388,0,388,224,0,224" density="0.1" fric="0.2" gid="-1000" id="0" name="Animation 1" rest="0.0" sensor="false"/>
        </anim>
    </sprite>
    <sprite atlasID="0" default="0" desc="" height="286" id="80" name="SteadyMessage" shared="false" width="564">
        <anim across="2" atlasID="-1" down="1" durations="400,400" height="286" id="0" loop="true" name="Animation 0" numframes="2" originx="282" originy="143" width="1128">
            <poly data="4,0,0,564,0,564,286,0,286" density="0.1" fric="0.2" gid="-1000" id="0" name="Animation 0" rest="0.0" sensor="false"/>
        </anim>
    </sprite>
    <actor adamp="0.0" ascale="true" atlasID="0" bodytype="0" continuous="false" desc="" fixedrot="false" fric="0.2" gid="3" id="79" ignoreg="false" inertia="1.0" ldamp="0.0" lw="true" mass="1.0" name="SteadyMessage" oid="-1" pausable="true" rest="0.0" shared="false" sprite="80" static="true" touchable="true">
        <snippets>
            <s enabled="true" id="33">
                <prop id="2147483647" list="0" val="thisactor"/>
            </s>
        </snippets>
    </actor>
    <sprite atlasID="0" default="0" desc="" height="87" id="7" name="tail" shared="false" width="125">
        <anim across="1" atlasID="-1" down="1" durations="100" height="87" id="0" loop="true" name="TailUp" numframes="1" originx="0" originy="0" width="125">
            <poly data="4,0,0,96,0,96,96,0,96" density="0.1" fric="0.2" gid="-1000" id="0" name="default" rest="0.0" sensor="false"/>
        </anim>
        <anim across="1" atlasID="-1" down="1" durations="100" height="87" id="1" loop="true" name="TailDown" numframes="1" originx="0" originy="0" width="125">
            <poly data="4,0,0,96,0,96,96,0,96" density="0.1" fric="0.2" gid="-1000" id="0" name="Animation 1" rest="0.0" sensor="false"/>
        </anim>
        <anim across="3" atlasID="-1" down="1" durations="30,30,30" height="87" id="2" loop="false" name="TailToUp" numframes="3" originx="0" originy="0" width="375">
            <poly data="4,0,0,125,0,125,87,0,87" density="0.1" fric="0.2" gid="-1000" id="0" name="TailToUp" rest="0.0" sensor="false"/>
        </anim>
        <anim across="3" atlasID="-1" down="1" durations="30,30,30" height="87" id="3" loop="false" name="TailToDown" numframes="3" originx="0" originy="0" width="375">
            <poly data="4,0,0,125,0,125,87,0,87" density="0.1" fric="0.2" gid="-1000" id="0" name="TailToDown" rest="0.0" sensor="false"/>
        </anim>
    </sprite>
    <actor adamp="0.0" ascale="true" atlasID="0" bodytype="2" continuous="true" desc="" fixedrot="false" fric="0.2" gid="3" id="6" ignoreg="false" inertia="1.0" ldamp="0.0" lw="false" mass="1.0" name="tail" oid="-1" pausable="true" rest="0.0" shared="false" sprite="7" static="false" touchable="true">
        <snippets>
            <s enabled="true" id="9">
                <prop id="1" list="0" val="0"/>
                <prop id="2147483647" list="0" val="thisactor"/>
            </s>
            <s enabled="true" id="11">
                <prop id="1" list="0" val="TailToUp"/>
                <prop id="2" list="0" val="TailToDown"/>
                <prop id="3" list="0" val=""/>
                <prop id="2147483647" list="0" val="thisactor"/>
            </s>
        </snippets>
    </actor>
    <sprite atlasID="0" default="0" desc="" height="28" id="26" name="tongue" shared="false" width="97">
        <anim across="4" atlasID="-1" down="1" durations="50,50,50,50" height="28" id="0" loop="true" name="Animation 0" numframes="4" originx="97" originy="0" width="388">
            <poly data="4,0,0,97,0,97,28,0,28" density="0.1" fric="0.2" gid="-1000" id="0" name="Animation 0" rest="0.0" sensor="false"/>
        </anim>
        <anim across="1" atlasID="-1" down="1" durations="100" height="64" id="1" loop="true" name="Animation 1" numframes="1" originx="32" originy="32" width="64"/>
    </sprite>
    <actor adamp="0.0" ascale="true" atlasID="0" bodytype="2" continuous="false" desc="" fixedrot="true" fric="0.2" gid="3" id="25" ignoreg="true" inertia="1.0" ldamp="0.0" lw="true" mass="1.0" name="tongue" oid="-1" pausable="true" rest="0.0" shared="false" sprite="26" static="false" touchable="true">
        <snippets>
            <s enabled="true" id="19">
                <prop id="1" list="0" val="523"/>
                <prop id="2" list="0" val="10"/>
                <prop id="3" list="0" val="Animation 0"/>
                <prop id="4" list="0" val="Animation 1"/>
                <prop id="2147483647" list="0" val="thisactor"/>
            </s>
            <s enabled="false" id="5">
                <prop id="1" list="0" val="523"/>
                <prop id="2" list="0" val="10"/>
                <prop id="2147483647" list="0" val="thisactor"/>
            </s>
        </snippets>
    </actor>
    <actor adamp="0.0" ascale="true" atlasID="0" bodytype="2" continuous="false" desc="" fixedrot="true" fric="0.2" gid="3" id="2" ignoreg="true" inertia="1.0" ldamp="0.0" lw="true" mass="1.0" name="trans" oid="-1" pausable="true" rest="0.0" shared="false" sprite="3" static="false" touchable="true">
        <snippets>
            <s enabled="true" id="5">
                <prop id="1" list="0" val="512"/>
                <prop id="2" list="0" val="48"/>
                <prop id="2147483647" list="0" val="thisactor"/>
            </s>
        </snippets>
    </actor>
</pack>
