<?xml version="1.0" encoding="UTF-8" standalone="no"?>
<pack>
    <snippet class="scripts.Design_0_0_4WayMovement" desc="Allows the player to move in 4 directions: North, South, West,and  East&#10;Allows the player to move in 8 directions: North, South, West, East, NorthWest, NorthEast, SouthWest, SouthEast&#10;Allows the player to move isometrically." description="Allows the player to move in 4 directions: North, South, West,and  East&#10;Allows the player to move in 8 directions: North, South, West, East, NorthWest, NorthEast, SouthWest, SouthEast&#10;Allows the player to move isometrically." design="true" drawOrder="0" id="0" language="" name="4 Way Movement" oid="-1" package="" scenespecific="false" shared="false" type="actor">
        <animation default="" desc="" dropdown="" fullname="Up Animation" hidden="false" id="1" name="animUp" order="17"/>
        <animation default="" desc="" dropdown="" fullname="Down Animation" hidden="false" id="2" name="animDown" order="19"/>
        <animation default="" desc="" dropdown="" fullname="Left Animation" hidden="false" id="3" name="animLeft" order="21"/>
        <animation default="" desc="" dropdown="" fullname="Right Animation" hidden="false" id="4" name="animRight" order="23"/>
        <control default="" desc="" dropdown="" fullname="Up Control" hidden="false" id="5" name="controlUp" order="12"/>
        <control default="" desc="" dropdown="" fullname="Down Control" hidden="false" id="6" name="controlDown" order="13"/>
        <control default="" desc="" dropdown="" fullname="Left Control" hidden="false" id="7" name="controlLeft" order="14"/>
        <control default="" desc="" dropdown="" fullname="Right Control" hidden="false" id="8" name="controlRight" order="15"/>
        <number default="0.0" desc="" dropdown="Up=1&#10;Down=2&#10;Left=3&#10;Right=4" fullname="Initial Direction" hidden="false" id="9" name="dir" order="7"/>
        <number default="50" desc="How fast it reaches top speed." dropdown="" fullname="Acceleration" hidden="false" id="10" name="accel" order="8"/>
        <number default="18" desc="The fastest it will move." dropdown="" fullname="Top Speed" hidden="false" id="11" name="topSpeed" order="10"/>
        <number default="0" desc="How quickly it loses speed when the key's let go." dropdown="" fullname="Slowdown Rate" hidden="false" id="12" name="decel" order="11"/>
        <animation default="" desc="" dropdown="" fullname="Up Animation (Idle)" hidden="false" id="13" name="ianimUp" order="16"/>
        <animation default="" desc="" dropdown="" fullname="Down Animation (Idle)" hidden="false" id="14" name="ianimDown" order="18"/>
        <actor default="thisactor" desc="" dropdown="" fullname="Actor" hidden="true" id="2147483647" name="actor" order="24"/>
        <animation default="" desc="" dropdown="" fullname="Left Animation (Idle)" hidden="false" id="15" name="ianimLeft" order="20"/>
        <boolean default="true" desc="Check this if you want this actor to be controlled by the player." dropdown="" fullname="Player Controlled?" hidden="false" id="17" name="player" order="4"/>
        <animation default="" desc="" dropdown="" fullname="Right Animation (Idle)" hidden="false" id="16" name="ianimRight" order="22"/>
        <boolean default="false" desc="" dropdown="" fullname="Pressed Right?" hidden="true" id="19" name="pressedRight" order="3"/>
        <boolean default="false" desc="" dropdown="" fullname="Pressed Left?" hidden="true" id="18" name="pressedLeft" order="2"/>
        <boolean default="false" desc="" dropdown="" fullname="Pressed Down?" hidden="true" id="21" name="pressedDown" order="1"/>
        <boolean default="false" desc="" dropdown="" fullname="Pressed Up?" hidden="true" id="20" name="pressedUp" order="0"/>
        <boolean default="false" desc="Check this if you want your character to move isometrically." dropdown="" fullname="Isometric Movement?" hidden="false" id="23" name="_IsometricMovement" order="5"/>
        <number default="0.03" desc="Speed below which we display the &quot;idle&quot; animation." dropdown="" fullname="Idle Threshold" hidden="false" id="22" name="idleSpeed" order="9"/>
        <boolean default="false" desc="" dropdown="" fullname="enabled" hidden="false" id="25" name="_enabled" order="25"/>
        <boolean default="false" desc="Check this to allow 8-way movement.&#10;An actor cannot move both isometrically and 8 ways." dropdown="" fullname="8 Way Movement?" hidden="false" id="24" name="_8WayMovement" order="6"/>
        <blocks/>
        <events/>
    </snippet>
    <snippet class="scripts.Design_1_1_CameraFollowPlayer" desc="Makes the camera follow the given actor." description="Makes the camera follow the given actor." design="true" drawOrder="0" id="1" language="" name="Camera Follow Player" oid="-1" package="" scenespecific="false" shared="false" type="scene">
        <actor default="" desc="" dropdown="" fullname="Actor to Follow" hidden="false" id="1" name="toFollow" order="0"/>
        <boolean default="false" desc="Only allow horizontal scrolling." dropdown="" fullname="Horizontal Scrolling Only?" hidden="false" id="2" name="lockX" order="0"/>
        <boolean default="false" desc="Only allow vertical scrolling." dropdown="" fullname="Vertical Scrolling Only?" hidden="false" id="3" name="lockY" order="0"/>
        <number default="0" desc="" dropdown="" fullname="x" hidden="true" id="4" name="x" order="0"/>
        <number default="0.0" desc="" dropdown="" fullname="y" hidden="true" id="5" name="y" order="0"/>
        <blocks/>
        <events/>
    </snippet>
    <snippet class="scripts.Design_2_2_CannotExitScreen" desc="Prevents the actor from going beyond the screen's bounds." description="Prevents the actor from going beyond the screen's bounds." design="true" drawOrder="0" id="2" language="" name="Cannot Exit Screen" oid="-1" package="" scenespecific="false" shared="false" type="actor">
        <actor default="thisactor" desc="" dropdown="" fullname="Actor" hidden="true" id="2147483647" name="actor" order="2147483647"/>
        <blocks/>
        <events/>
    </snippet>
    <snippet class="scripts.Design_3_3_itsatrap" desc="" description="" design="true" drawOrder="0" id="3" language="" name="collision" oid="-1" package="scripts" scenespecific="false" shared="false" type="actor">
        <actor default="thisactor" desc="" dropdown="" fullname="Actor" hidden="true" id="2147483647" name="actor" order="2147483647"/>
        <blocks/>
        <events/>
    </snippet>
    <snippet class="scripts.Design_4_4_theend" desc="" description="" design="true" drawOrder="0" id="4" language="" name="reachscreenlimit" oid="-1" package="scripts" scenespecific="false" shared="false" type="actor">
        <actor default="thisactor" desc="" dropdown="" fullname="Actor" hidden="true" id="2147483647" name="actor" order="2147483647"/>
        <blocks/>
        <events/>
    </snippet>
    <snippet class="scripts.Design_5_5_lavastart" desc="" description="" design="true" drawOrder="0" id="5" language="" name="lavastart" oid="-1" package="" scenespecific="false" shared="false" type="actor">
        <actor default="thisactor" desc="" dropdown="" fullname="Actor" hidden="true" id="2147483647" name="actor" order="0"/>
        <blocks/>
        <events/>
    </snippet>
    <snippet class="scripts.Design_6_6_makelava" desc="" description="" design="true" drawOrder="0" id="6" language="" name="LevelStart" oid="-1" package="scripts" scenespecific="false" shared="false" type="scene">
        <number default="0.0" desc="" dropdown="" fullname="Speed" hidden="false" id="3" name="_Speed" order="0"/>
        <number default="0" desc="" dropdown="" fullname="InitPos" hidden="false" id="4" name="_InitPos" order="1"/>
        <blocks/>
        <events/>
    </snippet>
    <snippet class="scripts.Design_7_7_introtext" desc="" description="" design="true" drawOrder="0" id="7" language="" name="introtext" oid="-1" package="" scenespecific="false" shared="false" type="scene">
        <blocks/>
        <events/>
    </snippet>
    <snippet class="scripts.Design_9_9_SwitchToNext" desc="" description="" design="true" drawOrder="0" id="9" language="" name="SwitchToNext" oid="-1" package="scripts" scenespecific="false" shared="false" type="scene">
        <scene default="" desc="" dropdown="" fullname="NextScene" hidden="false" id="1" name="_NextScene" order="0"/>
        <number default="0" desc="" dropdown="" fullname="LevelNumber" hidden="false" id="2" name="_LevelNumber" order="1"/>
        <number default="0" desc="" dropdown="" fullname="histTries" hidden="true" id="3" name="_histTries" order="2"/>
        <boolean default="false" desc="" dropdown="" fullname="updateList" hidden="true" id="4" name="_updateList" order="3"/>
        <boolean default="false" desc="" dropdown="" fullname="show record" hidden="true" id="5" name="_showrecord" order="4"/>
        <blocks/>
        <events/>
    </snippet>
    <snippet class="scripts.Design_10_10_PrintGo" desc="" description="" design="true" drawOrder="0" id="10" language="" name="PrintGo" oid="-1" package="scripts" scenespecific="false" shared="false" type="scene">
        <boolean default="false" desc="" dropdown="" fullname="enabled" hidden="true" id="1" name="_enabled" order="0"/>
        <number default="0" desc="" dropdown="" fullname="LevelNumber" hidden="false" id="2" name="_LevelNumber" order="1"/>
        <blocks/>
        <events/>
    </snippet>
    <snippet class="scripts.Design_11_11_ranastart" desc="" description="" design="true" drawOrder="0" id="11" language="" name="ranastart" oid="-1" package="scripts" scenespecific="false" shared="false" type="actor">
        <actor default="thisactor" desc="" dropdown="" fullname="Actor" hidden="true" id="2147483647" name="actor" order="2147483647"/>
        <blocks/>
        <events/>
    </snippet>
    <snippet class="scripts.Design_12_12_LevelSelect" desc="" description="" design="true" drawOrder="0" id="12" language="" name="LevelSelect" oid="-1" package="scripts" scenespecific="false" shared="false" type="actor">
        <number default="0" desc="" dropdown="" fullname="LevelNumber" hidden="false" id="1" name="_LevelNumber" order="1"/>
        <scene default="" desc="" dropdown="" fullname="thisScene" hidden="false" id="2" name="_thisScene" order="2"/>
        <number default="0.0" desc="" dropdown="" fullname="histTries" hidden="true" id="3" name="_histTries" order="3"/>
        <animation default="" desc="" dropdown="" fullname="EnabledAnim" hidden="false" id="4" name="_EnabledAnim" order="4"/>
        <animation default="" desc="" dropdown="" fullname="DisabledAnim" hidden="false" id="5" name="_DisabledAnim" order="5"/>
        <actor default="thisactor" desc="" dropdown="" fullname="Actor" hidden="true" id="2147483647" name="actor" order="0"/>
        <blocks/>
        <events/>
    </snippet>
    <snippet class="scripts.Design_13_13_flushAction" desc="" description="" design="true" drawOrder="0" id="13" language="" name="flushAction" oid="-1" package="scripts" scenespecific="false" shared="false" type="actor">
        <actor default="thisactor" desc="" dropdown="" fullname="Actor" hidden="true" id="2147483647" name="actor" order="2147483647"/>
        <blocks/>
        <events/>
    </snippet>
    <snippet class="scripts.Design_14_14_endscenesound" desc="" description="" design="true" drawOrder="0" id="14" language="" name="endscenesound" oid="-1" package="scripts" scenespecific="false" shared="false" type="scene">
        <boolean default="false" desc="" dropdown="" fullname="showtext" hidden="true" id="1" name="_showtext" order="0"/>
        <blocks/>
        <events/>
    </snippet>
</pack>
