<?xml version="1.0" encoding="UTF-8" standalone="no"?>
<scene depth="1" desc="" format="1.0" gravx="-0.0" gravy="85.0" height="480" id="0" name="Screen1" revision="" savecount="0" tiled="1" tileh="32" tilew="32" type="standard" width="640">
    <layers>
        <layer color="100,168,234" id="0" name="Layer 0" order="1"/>
    </layers>
    <color-bg blue="255" green="204" red="153"/>
    <backgrounds/>
    <foregrounds/>
    <joints/>
    <regions/>
    <terrainRegions/>
    <actors>
        <actor a="0.0" aid="1" c="false" group="0" id="5" sx="1.0" sy="1.0" x="468" y="292" z="0"/>
    </actors>
    <snippets/>
    <terrain>
        <p pts="4,640.0,480.0,0.0,480.0,0.0,0.0,640.0,0.0" x="0.0" y="0.0"/>
        <p pts="24,480.0,32.0,576.0,32.0,576.0,0.0,256.0,0.0,256.0,32.0,160.0,32.0,160.0,64.0,0.0,64.0,0.0,96.0,32.0,96.0,32.0,320.0,0.0,320.0,0.0,384.0,32.0,384.0,32.0,416.0,416.0,416.0,416.0,320.0,480.0,320.0,480.0,352.0,544.0,352.0,544.0,416.0,576.0,416.0,576.0,192.0,480.0,192.0" x="32.0" y="32.0"/>
    </terrain>
</scene>
