<?xml version="1.0" encoding="UTF-8" standalone="no"?>
<scene depth="1" desc="" format="1.0" gravx="-0.0" gravy="85.0" height="480" id="1" name="Screen2" revision="" savecount="0" tiled="1" tileh="16" tilew="16" type="standard" width="640">
    <layers>
        <layer color="100,168,234" id="0" name="Layer 0" order="0"/>
    </layers>
    <color-bg blue="255" green="204" red="153"/>
    <backgrounds/>
    <foregrounds/>
    <joints/>
    <regions/>
    <terrainRegions/>
    <actors>
        <actor a="0.0" aid="1" c="false" group="0" id="5" sx="1.0" sy="1.0" x="550" y="411" z="0"/>
        <actor a="0.0" aid="5" c="false" group="4" id="14" sx="1.75" sy="1.0" x="84" y="139" z="0"/>
        <actor a="0.0" aid="6" c="false" group="4" id="14" sx="1.875" sy="1.0" x="114" y="140" z="0"/>
    </actors>
    <snippets>
        <s enabled="true" id="6">
            <prop id="1" list="0" val="2"/>
            <prop id="2" list="0" val="500"/>
            <prop id="3" list="0" val="60"/>
        </s>
    </snippets>
    <terrain>
        <p pts="24,0.0,384.0,0.0,368.0,16.0,368.0,16.0,96.0,0.0,96.0,0.0,0.0,48.0,0.0,48.0,16.0,80.0,16.0,80.0,96.0,48.0,96.0,48.0,368.0,416.0,368.0,416.0,320.0,448.0,320.0,448.0,336.0,512.0,336.0,512.0,368.0,544.0,368.0,544.0,352.0,624.0,352.0,624.0,368.0,640.0,368.0,640.0,384.0" x="0.0" y="96.0"/>
        <p pts="16,192.0,80.0,192.0,112.0,48.0,112.0,48.0,96.0,0.0,96.0,0.0,64.0,112.0,64.0,112.0,48.0,208.0,48.0,208.0,32.0,272.0,32.0,272.0,0.0,336.0,0.0,336.0,64.0,256.0,64.0,256.0,80.0" x="208.0" y="192.0"/>
        <p pts="4,0.0,16.0,0.0,0.0,192.0,0.0,192.0,16.0" x="160.0" y="384.0"/>
        <p pts="4,144.0,0.0,144.0,32.0,0.0,32.0,0.0,0.0" x="304.0" y="128.0"/>
        <p pts="8,0.0,48.0,0.0,16.0,16.0,16.0,16.0,0.0,48.0,0.0,48.0,16.0,96.0,16.0,96.0,48.0" x="144.0" y="96.0"/>
        <p pts="4,0.0,16.0,0.0,0.0,80.0,0.0,80.0,16.0" x="96.0" y="336.0"/>
    </terrain>
</scene>
