<?xml version="1.0" encoding="UTF-8" standalone="no"?>
<scene depth="1" desc="" format="1.0" gravx="-0.0" gravy="85.0" height="480" id="2" name="Screen3" revision="" savecount="0" tiled="1" tileh="16" tilew="16" type="standard" width="640">
    <layers>
        <layer color="100,168,234" id="0" name="Layer 0" order="0"/>
    </layers>
    <color-bg blue="255" green="204" red="153"/>
    <backgrounds/>
    <foregrounds/>
    <joints/>
    <regions/>
    <terrainRegions/>
    <actors>
        <actor a="0.0" aid="1" c="false" group="0" id="5" sx="1.0" sy="1.0" x="101" y="290" z="0"/>
        <actor a="0.0" aid="2" c="false" group="4" id="14" sx="1.0" sy="1.0" x="64" y="81" z="0"/>
        <actor a="0.0" aid="3" c="false" group="4" id="14" sx="1.0" sy="1.0" x="80" y="81" z="0"/>
        <actor a="0.0" aid="4" c="false" group="4" id="14" sx="1.0" sy="1.0" x="96" y="81" z="0"/>
        <actor a="0.0" aid="5" c="false" group="4" id="14" sx="1.0" sy="1.0" x="112" y="81" z="0"/>
        <actor a="0.0" aid="6" c="false" group="4" id="14" sx="1.0" sy="1.0" x="128" y="81" z="0"/>
        <actor a="0.0" aid="7" c="false" group="4" id="14" sx="1.0" sy="1.0" x="144" y="81" z="0"/>
        <actor a="0.0" aid="8" c="false" group="4" id="14" sx="1.0" sy="1.0" x="160" y="81" z="0"/>
        <actor a="0.0" aid="9" c="false" group="4" id="14" sx="1.0" sy="1.0" x="176" y="81" z="0"/>
    </actors>
    <snippets>
        <s enabled="true" id="6">
            <prop id="1" list="0" val="3"/>
            <prop id="2" list="0" val="430"/>
            <prop id="3" list="0" val="350"/>
        </s>
    </snippets>
    <terrain>
        <p pts="4,0.0,16.0,0.0,0.0,112.0,0.0,112.0,16.0" x="464.0" y="240.0"/>
        <p pts="10,80.0,0.0,80.0,208.0,64.0,208.0,64.0,224.0,160.0,224.0,160.0,256.0,0.0,256.0,0.0,176.0,48.0,176.0,48.0,0.0" x="304.0" y="176.0"/>
        <p pts="10,368.0,32.0,208.0,32.0,208.0,64.0,0.0,64.0,0.0,0.0,48.0,0.0,48.0,32.0,176.0,32.0,176.0,0.0,368.0,0.0" x="16.0" y="64.0"/>
        <p pts="4,16.0,0.0,16.0,128.0,0.0,128.0,0.0,0.0" x="608.0" y="304.0"/>
        <p pts="4,16.0,96.0,0.0,96.0,0.0,0.0,16.0,0.0" x="560.0" y="336.0"/>
        <p pts="4,0.0,16.0,0.0,0.0,80.0,0.0,80.0,16.0" x="96.0" y="336.0"/>
        <p pts="4,16.0,64.0,0.0,64.0,0.0,0.0,16.0,0.0" x="512.0" y="368.0"/>
        <p pts="10,64.0,32.0,64.0,0.0,144.0,0.0,144.0,48.0,96.0,48.0,96.0,64.0,80.0,64.0,80.0,80.0,0.0,80.0,0.0,32.0" x="464.0" y="96.0"/>
        <p pts="24,640.0,176.0,640.0,192.0,0.0,192.0,0.0,176.0,16.0,176.0,16.0,160.0,32.0,160.0,32.0,144.0,48.0,144.0,48.0,128.0,192.0,128.0,192.0,144.0,208.0,144.0,208.0,160.0,224.0,160.0,224.0,176.0,256.0,176.0,256.0,48.0,224.0,48.0,224.0,0.0,320.0,0.0,320.0,32.0,272.0,32.0,272.0,176.0" x="0.0" y="288.0"/>
        <p pts="4,0.0,16.0,112.0,16.0,112.0,0.0,0.0,0.0" x="64.0" y="432.0"/>
    </terrain>
</scene>
