<?xml version="1.0" encoding="UTF-8" standalone="no"?>
<scene depth="1" desc="" format="1.0" gravx="-0.0" gravy="85.0" height="480" id="3" name="Screen4" revision="" savecount="0" tiled="1" tileh="16" tilew="16" type="standard" width="640">
    <layers>
        <layer color="100,168,234" id="0" name="Layer 0" order="0"/>
    </layers>
    <color-bg blue="0" green="102" red="255"/>
    <backgrounds/>
    <foregrounds/>
    <joints/>
    <regions/>
    <terrainRegions/>
    <actors>
        <actor a="0.0" aid="1" c="false" group="4" id="14" sx="1.0" sy="1.0" x="589" y="448" z="0"/>
        <actor a="0.0" aid="2" c="false" group="4" id="14" sx="1.0" sy="1.0" x="573" y="448" z="0"/>
        <actor a="0.0" aid="3" c="false" group="4" id="14" sx="1.0" sy="1.0" x="557" y="448" z="0"/>
        <actor a="0.0" aid="4" c="false" group="4" id="14" sx="1.0" sy="1.0" x="542" y="448" z="0"/>
        <actor a="0.0" aid="5" c="false" group="0" id="5" sx="1.0" sy="1.0" x="139" y="16" z="0"/>
    </actors>
    <snippets>
        <s enabled="true" id="6">
            <prop id="1" list="0" val="1"/>
            <prop id="2" list="0" val="128"/>
            <prop id="3" list="0" val="112"/>
        </s>
    </snippets>
    <terrain>
        <p pts="6,160.0,48.0,160.0,0.0,192.0,0.0,192.0,80.0,0.0,80.0,0.0,48.0" x="80.0" y="0.0"/>
        <p pts="4,16.0,0.0,0.0,0.0,0.0,48.0,16.0,48.0" x="16.0" y="272.0"/>
        <p pts="10,64.0,32.0,64.0,0.0,0.0,0.0,0.0,16.0,16.0,16.0,16.0,32.0,32.0,32.0,32.0,16.0,48.0,16.0,48.0,32.0" x="448.0" y="432.0"/>
        <p pts="4,0.0,64.0,96.0,64.0,96.0,0.0,0.0,0.0" x="16.0" y="384.0"/>
        <p pts="4,0.0,0.0,32.0,0.0,32.0,32.0,0.0,32.0" x="192.0" y="384.0"/>
        <p pts="46,0.0,480.0,0.0,112.0,32.0,112.0,32.0,240.0,64.0,240.0,64.0,336.0,112.0,336.0,112.0,352.0,128.0,352.0,128.0,448.0,320.0,448.0,320.0,336.0,304.0,336.0,304.0,320.0,352.0,320.0,352.0,336.0,336.0,336.0,336.0,464.0,432.0,464.0,432.0,432.0,384.0,432.0,384.0,416.0,512.0,416.0,512.0,368.0,480.0,368.0,480.0,352.0,560.0,352.0,560.0,368.0,528.0,368.0,528.0,464.0,608.0,464.0,608.0,384.0,624.0,384.0,624.0,288.0,496.0,288.0,496.0,192.0,432.0,192.0,432.0,176.0,560.0,176.0,560.0,224.0,608.0,224.0,608.0,96.0,624.0,96.0,624.0,0.0,640.0,0.0,640.0,480.0" x="0.0" y="0.0"/>
    </terrain>
</scene>
