<?xml version="1.0" encoding="UTF-8" standalone="no"?>
<game accelFramerate="0" adsPosition="0" aheight="480" appName="My Game" appType="0" author="" authorURL="" autoRotate="false" awidth="640" backgroundColor="-15592942" barBackgroundColor="-12303292" barColor="-7829368" barHeight="8" barLocation="0" barOffsetX="0" barOffsetXPhone="0" barOffsetXTablet="0" barOffsetY="0" barOffsetYPhone="0" barOffsetYTablet="0" barScalePhone="1.0" barScaleTablet="2.0" barWidth="120" borderColor="-12303292" borderThickness="2" bundleID="com.yourname.gamename" bundleVersion="1.0" checksum="none" default="2" defaultFramerate="60" desc="" deviceOS="null" engine="0" format="1.0" gameid="-1" height="480" kit="false" lockURL="" mochi="" name="ObeyTheRules" ngID="" ngKey="" orientation="0" products="" projectType="web" scale="1.0" showAds="false" simulatorOS="null" splashStyle="2" thumbstickStyle="0" useGlossyIcon="false" width="640">
    <folders/>
    <packs/>
    <groups/>
    <cgroups>
        <cgroup g1="3" g2="3"/>
    </cgroups>
    <input>
        <key id="0" keyname="UP" name="up" vk="38"/>
        <key id="1" keyname="DOWN" name="down" vk="40"/>
        <key id="2" keyname="LEFT" name="left" vk="37"/>
        <key id="3" keyname="RIGHT" name="right" vk="39"/>
        <key id="4" keyname="C" name="action1" vk="67"/>
        <key id="5" keyname="X" name="action2" vk="88"/>
        <key id="6" keyname="ENTER" name="enter" vk="10"/>
    </input>
    <attcats>
        <cat id="-1" name="Default"/>
    </attcats>
    <props/>
    <attributes>
        <list cid="-1" id="0" name="RuleList" save="true" val="list">
            <text order="0" value="Touch the red spot"/>
            <text order="1" value="Touch the blue spot"/>
            <text order="2" value="Do not touch the green boxes"/>
            <text order="3" value="Do not stop once you start moving"/>
            <text order="4" value="the mouse shall not move to the left"/>
            <text order="5" value="press x on the keyboard, but don't press c"/>
            <text order="6" value="no more than one click per second"/>
            <text order="7" value="touch the limit of the screen"/>
            <text order="8" value="move the mouse away from the screen"/>
            <text order="9" value="Click on all the yellow boxes"/>
            <text order="10" value="Do not walk upwards"/>
        </list>
        <list cid="-1" id="1" name="RuleActive" save="true" val="list">
            <number order="0" value="0.0"/>
            <number order="1" value="0.0"/>
            <number order="2" value="0.0"/>
            <number order="3" value="0.0"/>
            <number order="4" value="0.0"/>
            <number order="5" value="0.0"/>
            <number order="6" value="0.0"/>
            <number order="7" value="0.0"/>
            <number order="8" value="0.0"/>
            <number order="9" value="0.0"/>
            <number order="10" value="0.0"/>
        </list>
        <bool cid="-1" id="9" name="MusicPlaying" save="true" value="false"/>
        <number cid="-1" id="2" name="brokenRuleIndex" save="true" value="0.0"/>
        <number cid="-1" id="8" name="yellowCount" save="true" value="0.0"/>
        <list cid="-1" id="5" name="RequiresGoal" save="true" val="list">
            <number order="0" value="1.0"/>
            <number order="1" value="1.0"/>
            <number order="2" value="0.0"/>
            <number order="3" value="0.0"/>
            <number order="4" value="0.0"/>
            <number order="5" value="1.0"/>
            <number order="6" value="0.0"/>
            <number order="7" value="1.0"/>
            <number order="8" value="1.0"/>
            <number order="9" value="1.0"/>
            <number order="10" value="0.0"/>
        </list>
        <number cid="-1" id="3" name="newRule" save="true" value="0.0"/>
        <list cid="-1" id="6" name="GoalAchieved" save="true" val="list">
            <number order="0" value="0.0"/>
            <number order="1" value="0.0"/>
            <number order="2" value="0.0"/>
            <number order="3" value="0.0"/>
            <number order="4" value="0.0"/>
            <number order="5" value="0.0"/>
            <number order="6" value="0.0"/>
            <number order="7" value="0.0"/>
            <number order="8" value="0.0"/>
            <number order="9" value="0.0"/>
            <number order="10" value="0.0"/>
        </list>
        <number cid="-1" id="7" name="rulesToBeUsed" save="true" value="0.0"/>
        <number cid="-1" id="4" name="availableRules" save="true" value="0.0"/>
    </attributes>
    <collisions>
        <poly id="1" name="Square" pts="0.0,0.0#0.0,1.0#1.0,1.0#1.0,0.0"/>
        <poly id="2" name="Tri 45R" pts="0.0,0.0#0.0,1.0#1.0,1.0"/>
        <poly id="3" name="Tri 45L" pts="1.0,0.0#0.0,1.0#1.0,1.0"/>
        <poly id="4" name="Tri 45R Inv" pts="0.0,0.0#0.0,1.0#1.0,0.0"/>
        <poly id="5" name="Tri 45L Inv" pts="0.0,0.0#1.0,1.0#1.0,0.0"/>
        <poly id="6" name="Tri 30R" pts="0.0,1.0#1.0,1.0#1.0,0.5"/>
        <poly id="7" name="Tri 30L" pts="0.0,0.5#0.0,1.0#1.0,1.0"/>
        <poly id="8" name="Tri 30-2R" pts="0.0,0.5#0.0,1.0#1.0,1.0#1.0,0.0"/>
        <poly id="9" name="Tri 30-2L" pts="0.0,0.0#0.0,1.0#1.0,1.0#1.0,0.5"/>
        <poly id="10" name="Tri 30R Inv" pts="0.0,0.0#1.0,0.5#1.0,0.0"/>
        <poly id="11" name="Tri 30L Inv" pts="0.0,0.0#0.0,0.5#1.0,0.0"/>
        <poly id="12" name="Tri 30-2R Inv" pts="0.0,0.0#0.0,0.5#1.0,1.0#1.0,0.0"/>
        <poly id="13" name="Tri 30-2L Inv" pts="0.0,0.0#0.0,1.0#1.0,0.5#1.0,0.0"/>
        <poly id="14" name="Tri 60R" pts="0.5,1.0#1.0,1.0#1.0,0.0"/>
        <poly id="15" name="Tri 60L" pts="0.0,0.0#0.0,1.0#0.5,1.0"/>
        <poly id="17" name="Tri 60-2L" pts="0.0,0.0#0.0,1.0#1.0,1.0#0.5,0.0"/>
        <poly id="16" name="Tri 60-2R" pts="0.5,0.0#0.0,1.0#1.0,1.0#1.0,0.0"/>
        <poly id="19" name="Tri 60L Inv" pts="0.0,0.0#0.0,1.0#0.5,0.0"/>
        <poly id="18" name="Tri 60R Inv" pts="0.5,0.0#1.0,1.0#1.0,0.0"/>
        <poly id="21" name="Tri 60-2L Inv" pts="0.0,0.0#0.0,1.0#0.5,1.0#1.0,0.0"/>
        <poly id="20" name="Tri 60-2R Inv" pts="0.0,0.0#0.5,1.0#1.0,1.0#1.0,0.0"/>
    </collisions>
    <atlases>
        <atlas dirty="true" id="0" members="7,9,11,13,15,2" name="Main Atlas (Default)" pvr="false" resize="0" start="true" target="0"/>
        <atlas dirty="true" id="1" members="" name="Atlas 2" pvr="false" resize="0" start="true" target="0"/>
        <atlas dirty="true" id="2" members="" name="Atlas 3" pvr="false" resize="0" start="true" target="0"/>
        <atlas dirty="true" id="3" members="" name="Atlas 4" pvr="false" resize="0" start="true" target="0"/>
        <atlas dirty="true" id="4" members="" name="Atlas 5" pvr="false" resize="0" start="true" target="0"/>
        <atlas dirty="true" id="5" members="" name="Atlas 6" pvr="false" resize="0" start="true" target="0"/>
        <atlas dirty="true" id="6" members="" name="Atlas 7" pvr="false" resize="0" start="true" target="0"/>
        <atlas dirty="true" id="7" members="" name="Atlas 8" pvr="false" resize="0" start="true" target="0"/>
        <atlas dirty="true" id="8" members="" name="Atlas 9" pvr="false" resize="0" start="true" target="0"/>
        <atlas dirty="true" id="9" members="" name="Atlas 10" pvr="false" resize="0" start="true" target="0"/>
        <atlas dirty="true" id="10" members="" name="Atlas 11" pvr="false" resize="0" start="true" target="0"/>
        <atlas dirty="true" id="11" members="" name="Atlas 12" pvr="false" resize="0" start="true" target="0"/>
        <atlas dirty="true" id="12" members="" name="Atlas 13" pvr="false" resize="0" start="true" target="0"/>
        <atlas dirty="true" id="13" members="" name="Atlas 14" pvr="false" resize="0" start="true" target="0"/>
        <atlas dirty="true" id="14" members="" name="Atlas 15" pvr="false" resize="0" start="true" target="0"/>
        <atlas dirty="true" id="15" members="" name="Atlas 16" pvr="false" resize="0" start="true" target="0"/>
        <atlas dirty="true" id="17" members="" name="Atlas 18" pvr="false" resize="0" start="true" target="0"/>
        <atlas dirty="true" id="16" members="" name="Atlas 17" pvr="false" resize="0" start="true" target="0"/>
        <atlas dirty="true" id="19" members="" name="Atlas 20" pvr="false" resize="0" start="true" target="0"/>
        <atlas dirty="true" id="18" members="" name="Atlas 19" pvr="false" resize="0" start="true" target="0"/>
        <atlas dirty="true" id="21" members="" name="Atlas 22" pvr="false" resize="0" start="true" target="0"/>
        <atlas dirty="true" id="20" members="" name="Atlas 21" pvr="false" resize="0" start="true" target="0"/>
        <atlas dirty="true" id="23" members="" name="Atlas 24" pvr="false" resize="0" start="true" target="0"/>
        <atlas dirty="true" id="22" members="" name="Atlas 23" pvr="false" resize="0" start="true" target="0"/>
        <atlas dirty="true" id="25" members="" name="Atlas 26" pvr="false" resize="0" start="true" target="0"/>
        <atlas dirty="true" id="24" members="" name="Atlas 25" pvr="false" resize="0" start="true" target="0"/>
        <atlas dirty="true" id="27" members="" name="Atlas 28" pvr="false" resize="0" start="true" target="0"/>
        <atlas dirty="true" id="26" members="" name="Atlas 27" pvr="false" resize="0" start="true" target="0"/>
        <atlas dirty="true" id="29" members="" name="Atlas 30" pvr="false" resize="0" start="true" target="0"/>
        <atlas dirty="true" id="28" members="" name="Atlas 29" pvr="false" resize="0" start="true" target="0"/>
        <atlas dirty="true" id="31" members="" name="Atlas 32" pvr="false" resize="0" start="true" target="0"/>
        <atlas dirty="true" id="30" members="" name="Atlas 31" pvr="false" resize="0" start="true" target="0"/>
    </atlases>
    <libraries/>
</game>
