<?xml version="1.0" encoding="UTF-8" standalone="no"?>
<pack>
    <snippet class="scripts.Design_5_5" desc="" description="" design="true" drawOrder="0" id="5" language="" name="chunkPosition" oid="-1" package="scripts" scenespecific="false" shared="false" type="actor">
        <number default="0" desc="" dropdown="" fullname="posx" hidden="false" id="1" name="_posx" order="1"/>
        <number default="0" desc="" dropdown="" fullname="posy" hidden="false" id="2" name="_posy" order="2"/>
        <actor default="thisactor" desc="" dropdown="" fullname="Actor" hidden="true" id="2147483647" name="actor" order="0"/>
        <blocks/>
        <events/>
    </snippet>
    <snippet class="scripts.Design_9_9" desc="" description="" design="true" drawOrder="0" id="9" language="" name="tailPosition" oid="-1" package="scripts" scenespecific="false" shared="false" type="actor">
        <number default="0" desc="" dropdown="" fullname="fractionIn" hidden="true" id="1" name="_fractionIn" order="1"/>
        <actor default="thisactor" desc="" dropdown="" fullname="Actor" hidden="true" id="2147483647" name="actor" order="0"/>
        <blocks/>
        <events/>
    </snippet>
    <snippet class="scripts.Design_10_10_movement" desc="" description="" design="true" drawOrder="0" id="10" language="" name="movement" oid="-1" package="scripts" scenespecific="false" shared="false" type="scene">
        <boolean default="false" desc="" dropdown="" fullname="leftWasPressed" hidden="true" id="1" name="_leftWasPressed" order="0"/>
        <number default="0" desc="" dropdown="" fullname="clickCount" hidden="true" id="2" name="_clickCount" order="1"/>
        <number default="0" desc="" dropdown="" fullname="lastCount" hidden="true" id="3" name="_lastCount" order="2"/>
        <number default="0" desc="" dropdown="" fullname="tolerance" hidden="true" id="4" name="_tolerance" order="3"/>
        <actor default="" desc="" dropdown="" fullname="tail" hidden="false" id="5" name="_tail" order="4"/>
        <number default="0" desc="" dropdown="" fullname="tailCount" hidden="true" id="6" name="_tailCount" order="5"/>
        <actor default="" desc="" dropdown="" fullname="leftkey" hidden="false" id="7" name="_leftkey" order="6"/>
        <actor default="" desc="" dropdown="" fullname="rightkey" hidden="false" id="8" name="_rightkey" order="7"/>
        <number default="0" desc="" dropdown="" fullname="idleTime" hidden="true" id="9" name="_idleTime" order="8"/>
        <number default="0" desc="" dropdown="" fullname="averageMovement" hidden="true" id="10" name="_averageMovement" order="9"/>
        <boolean default="false" desc="" dropdown="" fullname="lastSoundLeft" hidden="true" id="11" name="_lastSoundLeft" order="10"/>
        <boolean default="false" desc="" dropdown="" fullname="delayStart" hidden="true" id="12" name="_delayStart" order="11"/>
        <boolean default="false" desc="" dropdown="" fullname="firstGood" hidden="true" id="13" name="_firstGood" order="12"/>
        <blocks>
            <ureceiver blockID="0" id="1"/>
        </blocks>
        <events/>
    </snippet>
    <snippet class="scripts.Design_11_11_turnTail" desc="" description="" design="true" drawOrder="0" id="11" language="" name="turnTail" oid="-1" package="scripts" scenespecific="false" shared="false" type="actor">
        <animation default="" desc="" dropdown="" fullname="animation_up" hidden="false" id="1" name="_animationup" order="1"/>
        <animation default="" desc="" dropdown="" fullname="animation_down" hidden="false" id="2" name="_animationdown" order="2"/>
        <animation default="" desc="" dropdown="" fullname="current_animation" hidden="true" id="3" name="_currentanimation" order="3"/>
        <actor default="thisactor" desc="" dropdown="" fullname="Actor" hidden="true" id="2147483647" name="actor" order="0"/>
        <blocks/>
        <events/>
    </snippet>
    <snippet class="scripts.Design_12_12" desc="" description="" design="true" drawOrder="0" id="12" language="" name="teethPosition" oid="-1" package="scripts" scenespecific="false" shared="false" type="actor">
        <number default="0" desc="" dropdown="" fullname="posx" hidden="false" id="1" name="_posx" order="1"/>
        <number default="0" desc="" dropdown="" fullname="posy" hidden="false" id="2" name="_posy" order="2"/>
        <number default="0" desc="" dropdown="" fullname="vertOffset" hidden="true" id="3" name="_vertOffset" order="3"/>
        <animation default="" desc="" dropdown="" fullname="NormalAnim" hidden="false" id="4" name="_NormalAnim" order="4"/>
        <animation default="" desc="" dropdown="" fullname="InvisibleAnim" hidden="false" id="5" name="_InvisibleAnim" order="5"/>
        <actor default="thisactor" desc="" dropdown="" fullname="Actor" hidden="true" id="2147483647" name="actor" order="0"/>
        <blocks/>
        <events/>
    </snippet>
    <snippet class="scripts.Design_13_13" desc="" description="" design="true" drawOrder="0" id="13" language="" name="headupPosition" oid="-1" package="scripts" scenespecific="false" shared="false" type="actor">
        <number default="0" desc="" dropdown="" fullname="posx" hidden="false" id="1" name="_posx" order="1"/>
        <number default="0" desc="" dropdown="" fullname="posy" hidden="false" id="2" name="_posy" order="2"/>
        <number default="0.0" desc="" dropdown="" fullname="vertOffset" hidden="true" id="3" name="_vertOffset" order="3"/>
        <animation default="" desc="" dropdown="" fullname="OpenEyesAnim" hidden="false" id="4" name="_OpenEyesAnim" order="4"/>
        <animation default="" desc="" dropdown="" fullname="CloseEyesAnim" hidden="false" id="5" name="_CloseEyesAnim" order="5"/>
        <animation default="" desc="" dropdown="" fullname="BitingAnim" hidden="false" id="6" name="_BitingAnim" order="6"/>
        <actor default="thisactor" desc="" dropdown="" fullname="Actor" hidden="true" id="2147483647" name="actor" order="0"/>
        <blocks/>
        <events/>
    </snippet>
    <snippet class="scripts.Design_14_14" desc="" description="" design="true" drawOrder="0" id="14" language="" name="headdownPosition" oid="-1" package="scripts" scenespecific="false" shared="false" type="actor">
        <number default="0.0" desc="" dropdown="" fullname="posx" hidden="false" id="1" name="_posx" order="1"/>
        <number default="0" desc="" dropdown="" fullname="posy" hidden="false" id="2" name="_posy" order="2"/>
        <number default="0.0" desc="" dropdown="" fullname="vertOffset" hidden="true" id="3" name="_vertOffset" order="3"/>
        <animation default="" desc="" dropdown="" fullname="NormalAnim" hidden="false" id="4" name="_NormalAnim" order="4"/>
        <animation default="" desc="" dropdown="" fullname="InvisibleAnim" hidden="false" id="5" name="_InvisibleAnim" order="5"/>
        <actor default="thisactor" desc="" dropdown="" fullname="Actor" hidden="true" id="2147483647" name="actor" order="0"/>
        <blocks/>
        <events/>
    </snippet>
    <snippet class="scripts.Design_15_15_addDust" desc="" description="" design="true" drawOrder="0" id="15" language="" name="addDust" oid="-1" package="scripts" scenespecific="false" shared="false" type="scene">
        <number default="0.0" desc="" dropdown="" fullname="timer" hidden="true" id="1" name="_timer" order="0"/>
        <number default="0" desc="" dropdown="" fullname="limit" hidden="true" id="2" name="_limit" order="1"/>
        <blocks/>
        <events/>
    </snippet>
    <snippet class="scripts.Design_17_17_newStuff" desc="" description="" design="true" drawOrder="0" id="17" language="" name="newStuff" oid="-1" package="scripts" scenespecific="false" shared="false" type="actor">
        <animation default="" desc="" dropdown="" fullname="anim1" hidden="false" id="1" name="_anim1" order="1"/>
        <animation default="" desc="" dropdown="" fullname="anim2" hidden="false" id="2" name="_anim2" order="2"/>
        <animation default="" desc="" dropdown="" fullname="anim3" hidden="false" id="3" name="_anim3" order="3"/>
        <animation default="" desc="" dropdown="" fullname="anim4" hidden="false" id="4" name="_anim4" order="4"/>
        <animation default="" desc="" dropdown="" fullname="anim5" hidden="false" id="5" name="_anim5" order="5"/>
        <animation default="" desc="" dropdown="" fullname="anim6" hidden="false" id="6" name="_anim6" order="6"/>
        <number default="0" desc="" dropdown="" fullname="selection" hidden="true" id="7" name="_selection" order="7"/>
        <actor default="thisactor" desc="" dropdown="" fullname="Actor" hidden="true" id="2147483647" name="actor" order="0"/>
        <blocks/>
        <events/>
    </snippet>
    <snippet class="scripts.Design_16_16_dustMove" desc="" description="" design="true" drawOrder="0" id="16" language="" name="dustMove" oid="-1" package="scripts" scenespecific="false" shared="false" type="actor">
        <actor default="thisactor" desc="" dropdown="" fullname="Actor" hidden="true" id="2147483647" name="actor" order="2147483647"/>
        <blocks/>
        <events/>
    </snippet>
    <snippet class="scripts.Design_19_19" desc="" description="" design="true" drawOrder="0" id="19" language="" name="tonguePosition" oid="-1" package="scripts" scenespecific="false" shared="false" type="actor">
        <number default="0" desc="" dropdown="" fullname="posx" hidden="false" id="1" name="_posx" order="1"/>
        <number default="0" desc="" dropdown="" fullname="posy" hidden="false" id="2" name="_posy" order="2"/>
        <animation default="" desc="" dropdown="" fullname="NormalAnim" hidden="false" id="3" name="_NormalAnim" order="3"/>
        <animation default="" desc="" dropdown="" fullname="InvisibleAnim" hidden="false" id="4" name="_InvisibleAnim" order="4"/>
        <actor default="thisactor" desc="" dropdown="" fullname="Actor" hidden="true" id="2147483647" name="actor" order="0"/>
        <blocks/>
        <events/>
    </snippet>
    <snippet class="scripts.Design_21_21_finalAnim" desc="" description="" design="true" drawOrder="0" id="21" language="" name="finalAnim" oid="-1" package="scripts" scenespecific="false" shared="false" type="scene">
        <blocks/>
        <events/>
    </snippet>
    <snippet class="scripts.Design_23_23_startMain" desc="" description="" design="true" drawOrder="0" id="23" language="" name="startMain" oid="-1" package="scripts" scenespecific="false" shared="false" type="scene">
        <blocks/>
        <events/>
    </snippet>
    <snippet class="scripts.Design_22_22_finalBite" desc="" description="" design="true" drawOrder="0" id="22" language="" name="finalBite" oid="-1" package="scripts" scenespecific="false" shared="false" type="scene">
        <actor default="" desc="" dropdown="" fullname="spacebutton" hidden="false" id="1" name="_spacebutton" order="0"/>
        <blocks/>
        <events/>
    </snippet>
    <snippet class="scripts.Design_25_25_barBottomFollow" desc="" description="" design="true" drawOrder="0" id="25" language="" name="barBottomFollow" oid="-1" package="scripts" scenespecific="false" shared="false" type="actor">
        <actor default="thisactor" desc="" dropdown="" fullname="Actor" hidden="true" id="2147483647" name="actor" order="2147483647"/>
        <blocks/>
        <events/>
    </snippet>
    <snippet class="scripts.Design_24_24_barTopFollow" desc="" description="" design="true" drawOrder="0" id="24" language="" name="barTopFollow" oid="-1" package="scripts" scenespecific="false" shared="false" type="actor">
        <actor default="thisactor" desc="" dropdown="" fullname="Actor" hidden="true" id="2147483647" name="actor" order="2147483647"/>
        <blocks/>
        <events/>
    </snippet>
    <snippet class="scripts.Design_27_27_startIntro" desc="" description="" design="true" drawOrder="0" id="27" language="" name="startIntro" oid="-1" package="scripts" scenespecific="false" shared="false" type="scene">
        <blocks/>
        <events/>
    </snippet>
    <snippet class="scripts.Design_26_26_buttoncontrol" desc="" description="" design="true" drawOrder="0" id="26" language="" name="buttoncontrol" oid="-1" package="scripts" scenespecific="false" shared="false" type="actor">
        <animation default="" desc="" dropdown="" fullname="IdleAnim" hidden="false" id="1" name="_IdleAnim" order="1"/>
        <animation default="" desc="" dropdown="" fullname="PressMeAnim" hidden="false" id="2" name="_PressMeAnim" order="2"/>
        <actor default="thisactor" desc="" dropdown="" fullname="Actor" hidden="true" id="2147483647" name="actor" order="0"/>
        <blocks/>
        <events/>
    </snippet>
    <snippet class="scripts.Design_29_29_menuToGameTimer" desc="" description="" design="true" drawOrder="0" id="29" language="" name="menuToGameTimer" oid="-1" package="scripts" scenespecific="false" shared="false" type="scene">
        <blocks/>
        <events/>
    </snippet>
    <snippet class="scripts.Design_28_28_shakeMenu" desc="" description="" design="true" drawOrder="0" id="28" language="" name="shakeMenu" oid="-1" package="scripts" scenespecific="false" shared="false" type="actor">
        <actor default="thisactor" desc="" dropdown="" fullname="Actor" hidden="true" id="2147483647" name="actor" order="2147483647"/>
        <blocks/>
        <events/>
    </snippet>
    <snippet class="scripts.Design_31_31_FrontDustMove" desc="" description="" design="true" drawOrder="0" id="31" language="" name="FrontDustMove" oid="-1" package="scripts" scenespecific="false" shared="false" type="actor">
        <actor default="thisactor" desc="" dropdown="" fullname="Actor" hidden="true" id="2147483647" name="actor" order="2147483647"/>
        <blocks/>
        <events/>
    </snippet>
    <snippet class="scripts.Design_30_30_instructionControl" desc="" description="" design="true" drawOrder="0" id="30" language="" name="instructionControl" oid="-1" package="scripts" scenespecific="false" shared="false" type="actor">
        <actor default="thisactor" desc="" dropdown="" fullname="Actor" hidden="true" id="2147483647" name="actor" order="2147483647"/>
        <blocks/>
        <events/>
    </snippet>
    <snippet class="scripts.Design_34_34_MessageControl" desc="" description="" design="true" drawOrder="0" id="34" language="" name="MessageControl" oid="-1" package="scripts" scenespecific="false" shared="false" type="scene">
        <boolean default="false" desc="" dropdown="" fullname="busy" hidden="true" id="1" name="_busy" order="0"/>
        <boolean default="false" desc="" dropdown="" fullname="steadyFirst" hidden="false" id="2" name="_steadyFirst" order="1"/>
        <boolean default="false" desc="" dropdown="" fullname="disabled" hidden="true" id="3" name="_disabled" order="2"/>
        <blocks/>
        <events/>
    </snippet>
    <snippet class="scripts.Design_35_35_pullback" desc="" description="" design="true" drawOrder="0" id="35" language="" name="pullback" oid="-1" package="scripts" scenespecific="false" shared="false" type="scene">
        <number default="0.0" desc="" dropdown="" fullname="oldX" hidden="true" id="1" name="_oldX" order="0"/>
        <number default="0" desc="" dropdown="" fullname="idlecount" hidden="true" id="2" name="_idlecount" order="1"/>
        <boolean default="false" desc="" dropdown="" fullname="enabled" hidden="false" id="3" name="_enabled" order="2"/>
        <blocks/>
        <events/>
    </snippet>
    <snippet class="scripts.Design_32_32_billowControl" desc="" description="" design="true" drawOrder="0" id="32" language="" name="billowControl" oid="-1" package="scripts" scenespecific="false" shared="false" type="actor">
        <actor default="thisactor" desc="" dropdown="" fullname="Actor" hidden="true" id="2147483647" name="actor" order="2147483647"/>
        <blocks/>
        <events/>
    </snippet>
    <snippet class="scripts.Design_33_33_NoMashMsgCtrl" desc="" description="" design="true" drawOrder="0" id="33" language="" name="MessageLife" oid="-1" package="scripts" scenespecific="false" shared="false" type="actor">
        <actor default="thisactor" desc="" dropdown="" fullname="Actor" hidden="true" id="2147483647" name="actor" order="2147483647"/>
        <blocks/>
        <events/>
    </snippet>
    <snippet class="scripts.Design_36_36_BgSound" desc="" description="" design="true" drawOrder="0" id="36" language="" name="BgSound" oid="-1" package="scripts" scenespecific="false" shared="false" type="scene">
        <blocks/>
        <events/>
    </snippet>
</pack>
